-- Generation time: Tue, 11 Feb 2020 18:49:08 +0000
-- Host: mysql.hostinger.ro
-- DB name: u574849695_21
/*!40030 SET NAMES UTF8 */;
/*!40101 SET @OLD_CHARACTER_SET_CLIENT=@@CHARACTER_SET_CLIENT */;
/*!40101 SET @OLD_CHARACTER_SET_RESULTS=@@CHARACTER_SET_RESULTS */;
/*!40101 SET @OLD_COLLATION_CONNECTION=@@COLLATION_CONNECTION */;
/*!40103 SET @OLD_TIME_ZONE=@@TIME_ZONE */;
/*!40103 SET TIME_ZONE='+00:00' */;
/*!40014 SET @OLD_UNIQUE_CHECKS=@@UNIQUE_CHECKS, UNIQUE_CHECKS=0 */;
/*!40014 SET @OLD_FOREIGN_KEY_CHECKS=@@FOREIGN_KEY_CHECKS, FOREIGN_KEY_CHECKS=0 */;
/*!40101 SET @OLD_SQL_MODE=@@SQL_MODE, SQL_MODE='NO_AUTO_VALUE_ON_ZERO' */;
/*!40111 SET @OLD_SQL_NOTES=@@SQL_NOTES, SQL_NOTES=0 */;


USE vk;
DROP TABLE IF EXISTS `communities`;
CREATE TABLE `communities` (
  `id` bigint(20) unsigned NOT NULL AUTO_INCREMENT,
  `name` varchar(150) COLLATE utf8_unicode_ci DEFAULT NULL,
  PRIMARY KEY (`id`),
  KEY `communities_name_idx` (`name`)
) ENGINE=InnoDB AUTO_INCREMENT=101 DEFAULT CHARSET=utf8 COLLATE=utf8_unicode_ci;

INSERT INTO `communities` VALUES ('90','aliquam'),
('31','aperiam'),
('42','asperiores'),
('51','assumenda'),
('23','atque'),
('29','atque'),
('43','atque'),
('36','aut'),
('52','aut'),
('66','aut'),
('9','consequatur'),
('53','corporis'),
('7','cupiditate'),
('74','dolor'),
('79','dolor'),
('70','dolorem'),
('50','dolorum'),
('18','ea'),
('54','ea'),
('38','earum'),
('59','eius'),
('25','enim'),
('33','esse'),
('20','est'),
('15','et'),
('26','et'),
('55','et'),
('78','et'),
('24','exercitationem'),
('95','facilis'),
('27','hic'),
('41','id'),
('67','id'),
('6','illum'),
('21','illum'),
('48','illum'),
('32','impedit'),
('60','inventore'),
('76','inventore'),
('82','inventore'),
('11','ipsa'),
('34','ipsa'),
('14','ipsum'),
('72','itaque'),
('75','itaque'),
('30','iure'),
('86','laboriosam'),
('71','laborum'),
('68','laudantium'),
('92','maxime'),
('93','maxime'),
('89','modi'),
('87','molestiae'),
('83','nam'),
('63','nisi'),
('85','non'),
('2','nostrum'),
('77','occaecati'),
('44','officia'),
('65','pariatur'),
('4','porro'),
('56','porro'),
('47','praesentium'),
('58','quaerat'),
('45','quas'),
('94','quas'),
('62','quasi'),
('5','qui'),
('35','qui'),
('73','qui'),
('91','qui'),
('100','qui'),
('64','quia'),
('46','quo'),
('88','quo'),
('3','quod'),
('16','quos'),
('10','reiciendis'),
('37','repellendus'),
('69','sapiente'),
('97','sapiente'),
('40','sequi'),
('99','similique'),
('19','sit'),
('57','soluta'),
('98','soluta'),
('84','unde'),
('8','ut'),
('39','ut'),
('80','ut'),
('22','vel'),
('81','vero'),
('1','vitae'),
('61','vitae'),
('13','voluptate'),
('96','voluptate'),
('17','voluptatem'),
('28','voluptatem'),
('49','voluptatem'),
('12','voluptatum'); 


DROP TABLE IF EXISTS `friend_requests`;
CREATE TABLE `friend_requests` (
  `initiator_user_id` bigint(20) unsigned NOT NULL,
  `target_user_id` bigint(20) unsigned NOT NULL,
  `status` enum('requested','approved','unfriended','declined') COLLATE utf8_unicode_ci DEFAULT NULL,
  `requested_at` datetime DEFAULT current_timestamp(),
  `confirmed_at` datetime DEFAULT NULL,
  PRIMARY KEY (`initiator_user_id`,`target_user_id`),
  KEY `initiator_user_id` (`initiator_user_id`),
  KEY `target_user_id` (`target_user_id`),
  CONSTRAINT `friend_requests_ibfk_1` FOREIGN KEY (`initiator_user_id`) REFERENCES `users` (`id`),
  CONSTRAINT `friend_requests_ibfk_2` FOREIGN KEY (`target_user_id`) REFERENCES `users` (`id`)
) ENGINE=InnoDB DEFAULT CHARSET=utf8 COLLATE=utf8_unicode_ci;

INSERT INTO `friend_requests` VALUES ('1','1','','2005-03-04 22:44:51','1985-04-21 06:26:38'),
('2','2','','1978-11-07 18:22:06','1987-10-19 08:38:56'),
('3','3','','1981-07-16 18:45:04','1983-05-22 10:33:53'),
('4','4','','2019-06-21 19:54:04','1988-07-28 07:01:19'),
('5','5','','1999-06-06 18:04:15','2014-02-04 05:02:47'),
('6','6','','2016-10-14 07:49:57','1989-09-30 16:50:19'),
('7','7','','1988-12-29 03:56:43','1989-09-18 23:35:20'),
('8','8','','2009-03-24 09:53:05','1995-12-01 17:37:24'),
('9','9','','1978-05-07 12:00:42','1992-01-12 02:07:09'),
('10','10','','1986-04-15 12:05:06','2008-12-23 10:30:28'),
('11','11','','1977-02-17 14:26:25','1996-09-18 22:45:47'),
('12','12','','1985-06-16 03:08:41','1989-11-26 11:06:51'),
('13','13','','1988-02-20 19:38:47','1984-11-21 14:31:28'),
('14','14','','2002-02-22 20:21:09','1999-05-18 06:11:15'),
('15','15','','1996-04-07 21:47:55','2008-09-24 08:48:00'),
('16','16','','1984-10-20 06:42:25','2010-09-23 23:30:57'),
('17','17','','2009-07-26 21:19:57','2012-12-21 06:12:16'),
('18','18','','2011-06-21 18:08:31','1996-04-13 07:23:48'),
('19','19','','1978-08-17 09:58:56','1987-12-17 23:17:46'),
('20','20','','2010-04-09 14:29:04','1972-05-22 16:40:29'),
('21','21','','2012-08-20 09:02:07','1980-12-07 08:08:24'),
('22','22','','2013-12-09 18:43:10','2017-11-17 02:38:45'),
('23','23','','1977-02-04 01:13:04','2005-01-15 17:50:37'),
('24','24','','1990-02-09 22:48:32','1970-11-28 16:10:45'),
('25','25','','1976-11-14 22:32:02','1970-10-20 16:05:07'),
('26','26','','2017-01-02 13:40:14','2016-02-21 12:40:06'),
('27','27','','2000-01-07 22:13:08','1983-01-03 16:34:58'),
('28','28','','1975-04-11 01:01:17','2014-07-03 04:17:49'),
('29','29','','2009-01-04 20:47:20','1974-04-26 11:59:15'),
('30','30','','1983-02-10 14:36:41','2006-10-12 15:41:40'),
('31','31','','1995-11-08 19:33:27','1988-05-02 23:09:13'),
('32','32','','2017-01-20 15:16:54','2004-01-29 12:22:24'),
('33','33','','2008-12-21 20:47:11','1978-09-01 13:07:05'),
('34','34','','2012-01-03 09:05:42','1998-08-17 17:43:31'),
('35','35','','2004-03-26 02:05:56','1987-03-16 10:07:37'),
('36','36','','2001-05-10 09:34:30','1973-09-02 12:43:46'),
('37','37','','1980-01-04 13:57:01','2007-08-17 17:59:30'),
('38','38','','1991-10-23 20:01:28','1977-03-28 13:23:46'),
('39','39','','1990-08-02 21:23:07','1982-10-31 06:44:14'),
('40','40','','1977-06-05 14:33:05','1995-08-03 06:13:54'),
('41','41','','1977-05-29 16:07:48','1990-12-14 11:44:56'),
('42','42','','2003-02-08 03:21:05','2006-01-29 10:21:25'),
('43','43','','1981-02-01 07:10:46','1972-02-17 13:27:28'),
('44','44','','2015-09-23 21:15:08','2004-07-16 12:10:24'),
('45','45','','2006-07-03 11:20:47','1973-05-24 03:26:09'),
('46','46','','2000-05-12 11:51:07','1987-05-16 16:24:48'),
('47','47','','1995-05-08 10:56:57','1991-09-21 17:57:55'),
('48','48','','1971-03-31 14:27:40','1973-08-21 02:47:43'),
('49','49','','1998-11-08 03:58:56','1970-01-28 11:35:08'),
('50','50','','1996-10-02 10:35:05','1988-12-21 00:14:06'),
('51','51','','1999-09-15 07:27:04','1972-10-22 19:23:40'),
('52','52','','1993-11-20 00:02:37','2013-02-08 12:33:01'),
('53','53','','2014-02-13 00:34:52','2018-05-24 12:55:21'),
('54','54','','1989-09-11 12:06:17','1980-03-05 05:54:24'),
('55','55','','1979-01-25 03:25:46','2007-12-12 06:59:33'),
('56','56','','2010-02-12 15:58:16','1975-05-08 03:53:34'),
('57','57','','2019-10-30 23:13:09','1973-04-19 13:49:06'),
('58','58','','2011-05-15 23:53:46','2007-10-15 08:57:51'),
('59','59','','1994-04-30 08:55:32','1977-10-22 01:29:03'),
('60','60','','1994-01-22 05:24:39','1977-07-03 04:20:52'),
('61','61','','1987-12-06 09:53:55','1989-03-21 01:16:13'),
('62','62','','2005-01-25 20:24:11','1983-09-08 19:04:27'),
('63','63','','1997-11-14 21:14:39','1986-07-17 00:00:01'),
('64','64','','1999-07-24 20:47:17','1971-03-15 11:44:09'),
('65','65','','1978-11-27 01:39:24','2001-11-22 14:55:05'),
('66','66','','1993-08-07 15:41:55','2011-03-08 00:28:08'),
('67','67','','2000-07-04 06:24:13','2010-05-01 04:23:04'),
('68','68','','1993-06-30 22:05:47','1991-10-13 09:52:58'),
('69','69','','2008-09-01 06:56:20','1994-04-09 22:21:51'),
('70','70','','2001-05-16 08:30:55','1999-07-02 13:34:32'),
('71','71','','1979-04-02 13:50:18','1979-08-07 23:57:31'),
('72','72','','1973-06-01 02:47:02','1987-05-08 21:15:26'),
('73','73','','1993-01-21 23:06:31','1979-05-01 04:43:49'),
('74','74','','1979-03-09 05:30:07','2000-08-28 20:41:38'),
('75','75','','1985-01-07 15:27:55','1971-09-29 05:16:52'),
('76','76','','2007-05-01 05:34:27','2006-12-20 02:29:08'),
('77','77','','1985-04-23 13:38:09','2018-03-21 03:41:40'),
('78','78','','1999-01-01 18:37:07','2006-05-20 18:25:58'),
('79','79','','2008-05-30 07:37:13','1988-02-24 13:27:00'),
('80','80','','1988-01-27 23:39:45','1978-02-05 10:44:55'),
('81','81','','2009-06-09 23:47:22','1976-11-17 23:21:10'),
('82','82','','1980-02-11 17:56:40','2008-12-10 12:02:27'),
('83','83','','1975-11-30 13:16:35','1995-09-14 11:22:52'),
('84','84','','1970-07-26 03:08:17','2018-05-22 15:07:47'),
('85','85','','1996-12-18 19:38:28','1990-06-06 08:49:03'),
('86','86','','1982-12-07 23:01:29','1975-09-25 09:09:12'),
('87','87','','1999-05-19 10:11:06','2000-07-07 05:15:24'),
('88','88','','2003-05-31 10:19:35','2001-07-25 01:11:04'),
('89','89','','1988-02-11 20:11:15','1987-05-17 10:11:24'),
('90','90','','2001-02-04 07:07:17','1988-07-30 01:45:11'),
('91','91','','1987-03-09 00:38:13','1976-03-29 10:10:42'),
('92','92','','1989-04-29 04:23:22','2009-05-17 17:13:17'),
('93','93','','1974-05-25 18:20:08','1988-07-09 20:14:35'),
('94','94','','2009-11-21 05:04:16','2002-04-21 19:48:26'),
('95','95','','1999-01-25 15:03:53','2014-12-16 17:14:06'),
('96','96','','1982-11-10 18:08:32','1987-09-14 06:30:31'),
('97','97','','1986-07-09 22:02:03','1970-04-22 10:37:44'),
('98','98','','1970-02-17 16:17:50','1996-04-13 09:46:35'),
('99','99','','1972-12-29 12:26:25','1975-09-04 07:42:43'),
('100','100','','1971-11-04 23:06:37','1992-02-08 22:09:36'); 

UPDATE `friend_requests` SET status ='requested' WHERE (`initiator_user_id` % 2) = 0;
UPDATE `friend_requests` SET status ='declined' WHERE (`initiator_user_id` % 3) = 0;
UPDATE `friend_requests` SET status ='unfriended' WHERE (`initiator_user_id` % 5) = 0;
UPDATE `friend_requests` SET status ='approved' WHERE status='' ;


DROP TABLE IF EXISTS `likes`;
CREATE TABLE `likes` (
  `id` bigint(20) unsigned NOT NULL AUTO_INCREMENT,
  `user_id` bigint(20) unsigned NOT NULL,
  `media_id` bigint(20) unsigned NOT NULL,
  `created_at` datetime DEFAULT current_timestamp(),
  PRIMARY KEY (`id`)
) ENGINE=InnoDB AUTO_INCREMENT=101 DEFAULT CHARSET=utf8 COLLATE=utf8_unicode_ci;

INSERT INTO `likes` VALUES ('1','1','1','1971-11-18 23:13:18'),
('2','2','2','1999-05-26 01:05:14'),
('3','3','3','1976-08-06 12:26:41'),
('4','4','4','1976-04-13 06:50:11'),
('5','5','5','2020-01-28 20:04:21'),
('6','6','6','1987-10-27 08:36:34'),
('7','7','7','2005-09-07 21:28:46'),
('8','8','8','2006-03-04 22:57:38'),
('9','9','9','2012-08-28 18:28:26'),
('10','10','10','2003-10-28 14:39:49'),
('11','11','11','1993-05-10 08:34:38'),
('12','12','12','1974-10-07 02:17:57'),
('13','13','13','2019-11-17 05:57:16'),
('14','14','14','1985-01-15 02:40:30'),
('15','15','15','2010-04-28 14:35:35'),
('16','16','16','1988-02-16 01:58:01'),
('17','17','17','1973-12-01 08:57:08'),
('18','18','18','1999-09-02 17:47:27'),
('19','19','19','1978-06-13 18:56:55'),
('20','20','20','1983-12-21 17:42:06'),
('21','21','21','1979-02-17 19:20:10'),
('22','22','22','2013-05-25 01:43:52'),
('23','23','23','2012-11-09 01:12:49'),
('24','24','24','1984-06-14 20:31:07'),
('25','25','25','1989-08-25 09:45:00'),
('26','26','26','2004-04-21 17:32:22'),
('27','27','27','2009-12-27 09:21:32'),
('28','28','28','2002-12-28 05:34:31'),
('29','29','29','2018-10-13 03:01:23'),
('30','30','30','1995-01-14 02:20:57'),
('31','31','31','2011-09-20 00:15:35'),
('32','32','32','1999-09-07 09:48:12'),
('33','33','33','2007-03-09 18:07:32'),
('34','34','34','1986-02-18 17:47:28'),
('35','35','35','2004-02-02 11:30:58'),
('36','36','36','2018-04-05 23:47:35'),
('37','37','37','1989-07-28 10:06:29'),
('38','38','38','1971-03-28 15:17:49'),
('39','39','39','1988-08-18 17:05:47'),
('40','40','40','1990-07-31 09:47:54'),
('41','41','41','2019-11-16 08:30:48'),
('42','42','42','2001-04-21 22:45:53'),
('43','43','43','2019-04-05 08:20:39'),
('44','44','44','1990-06-17 19:08:28'),
('45','45','45','1989-01-14 11:49:18'),
('46','46','46','2018-06-16 11:31:19'),
('47','47','47','1991-09-16 01:14:42'),
('48','48','48','1995-07-23 02:48:32'),
('49','49','49','1978-12-02 20:18:04'),
('50','50','50','1976-05-20 00:17:28'),
('51','51','51','2009-07-17 13:26:56'),
('52','52','52','2014-12-17 03:44:48'),
('53','53','53','1973-12-06 04:13:12'),
('54','54','54','1972-09-06 08:23:55'),
('55','55','55','1991-11-07 14:15:57'),
('56','56','56','2016-03-20 23:16:58'),
('57','57','57','1981-11-10 14:30:21'),
('58','58','58','2004-03-05 22:27:32'),
('59','59','59','1971-12-23 12:53:30'),
('60','60','60','1994-01-27 16:15:37'),
('61','61','61','1991-09-02 07:42:29'),
('62','62','62','1981-05-17 23:46:22'),
('63','63','63','2003-10-13 10:41:29'),
('64','64','64','1991-10-02 16:34:37'),
('65','65','65','2009-06-23 06:59:38'),
('66','66','66','2016-11-11 09:13:15'),
('67','67','67','1993-08-26 06:54:42'),
('68','68','68','2001-11-21 13:16:28'),
('69','69','69','1980-02-14 03:15:33'),
('70','70','70','1981-07-25 20:40:30'),
('71','71','71','2007-02-22 23:35:56'),
('72','72','72','1986-10-21 15:30:39'),
('73','73','73','1995-04-29 14:52:48'),
('74','74','74','2011-05-04 21:23:14'),
('75','75','75','1988-06-24 21:16:24'),
('76','76','76','2008-11-04 15:03:55'),
('77','77','77','1988-10-29 17:05:51'),
('78','78','78','2014-01-28 11:32:35'),
('79','79','79','1995-07-25 02:10:38'),
('80','80','80','1991-06-12 07:02:40'),
('81','81','81','1988-06-24 13:23:03'),
('82','82','82','1979-08-07 00:54:14'),
('83','83','83','1980-04-12 06:41:14'),
('84','84','84','2010-08-07 01:59:13'),
('85','85','85','1994-03-20 21:27:19'),
('86','86','86','2000-10-21 03:31:48'),
('87','87','87','1975-10-17 20:32:29'),
('88','88','88','1992-09-19 12:32:48'),
('89','89','89','2018-01-07 03:14:12'),
('90','90','90','2003-04-07 21:03:41'),
('91','91','91','1994-04-25 09:08:28'),
('92','92','92','1996-05-07 08:01:57'),
('93','93','93','1970-10-01 17:37:27'),
('94','94','94','1998-12-21 06:51:24'),
('95','95','95','2017-05-15 03:35:12'),
('96','96','96','1996-12-23 04:36:05'),
('97','97','97','1986-01-20 01:13:40'),
('98','98','98','2003-03-01 14:15:47'),
('99','99','99','2005-12-07 06:13:23'),
('100','100','100','2005-06-12 04:52:34'); 


DROP TABLE IF EXISTS `media`;
CREATE TABLE `media` (
  `id` bigint(20) unsigned NOT NULL AUTO_INCREMENT,
  `media_type_id` bigint(20) unsigned NOT NULL,
  `user_id` bigint(20) unsigned NOT NULL,
  `body` text COLLATE utf8_unicode_ci DEFAULT NULL,
  `filename` varchar(255) COLLATE utf8_unicode_ci DEFAULT NULL,
  `size` int(11) DEFAULT NULL,
  `metadata` longtext CHARACTER SET utf8mb4 COLLATE utf8mb4_bin DEFAULT NULL,
  `created_at` datetime DEFAULT current_timestamp(),
  `updated_at` datetime DEFAULT current_timestamp() ON UPDATE current_timestamp(),
  PRIMARY KEY (`id`),
  KEY `user_id` (`user_id`),
  KEY `media_type_id` (`media_type_id`),
  CONSTRAINT `media_ibfk_1` FOREIGN KEY (`user_id`) REFERENCES `users` (`id`),
  CONSTRAINT `media_ibfk_2` FOREIGN KEY (`media_type_id`) REFERENCES `media_types` (`id`)
) ENGINE=InnoDB AUTO_INCREMENT=101 DEFAULT CHARSET=utf8 COLLATE=utf8_unicode_ci;

INSERT INTO `media` VALUES ('1','1','1','Illo voluptatem ratione dolor iusto. Nobis fuga omnis ea labore natus. Quam a consequuntur omnis quia voluptas. Accusantium minus suscipit aperiam consequatur ab est.','qui','1571',NULL,'2015-04-06 13:24:23','2013-06-24 16:50:08'),
('2','2','2','Nisi aut sed aliquam modi qui veritatis quasi consequatur. Nemo et voluptas delectus quod officiis exercitationem autem. In porro laboriosam placeat cum.','quidem','8288820',NULL,'1984-09-23 14:36:03','1979-05-06 00:24:49'),
('3','3','3','Unde sit illum reprehenderit nihil. Consequatur nemo officia non et. In sapiente voluptas ratione quos doloribus porro blanditiis.','aliquam','5',NULL,'1973-06-11 22:13:16','2011-03-23 23:04:38'),
('4','4','4','Atque et aut hic recusandae porro nobis exercitationem. Perspiciatis cumque veniam quia ullam corporis non. Quia aliquam aut odio. Illum minima earum magnam perferendis voluptate amet ratione.','sed','714628359',NULL,'1976-06-17 07:30:13','1988-04-03 06:51:14'),
('5','5','5','Est voluptates ut aut voluptas. Dignissimos consequatur et cupiditate at vero. Hic vero est repellendus quia. Esse sit eius et officia distinctio corporis molestiae omnis. Nostrum consequuntur est veniam et omnis.','autem','28797583',NULL,'1990-06-23 17:11:14','1971-08-16 19:08:43'),
('6','6','6','Distinctio voluptatum eaque nihil voluptas ut. Perferendis ut laboriosam expedita corporis. Ut eveniet et beatae cumque ea et.','quaerat','0',NULL,'2009-03-18 01:50:10','2014-11-28 03:13:22'),
('7','7','7','Qui nihil sint consequuntur ipsum. Aut praesentium accusantium adipisci molestias corporis. Ipsa eaque inventore et cupiditate. Repudiandae veniam numquam voluptates saepe minus commodi sapiente.','tempore','431231110',NULL,'1973-09-06 01:41:06','2018-06-08 06:13:23'),
('8','8','8','Provident placeat voluptates sed est vel voluptatem aut temporibus. A asperiores qui ut sint porro quia aspernatur. Possimus quo eum voluptatem.','aspernatur','5',NULL,'2016-08-23 21:23:12','1975-09-04 21:19:40'),
('9','9','9','Qui et alias ut saepe voluptates. Adipisci quisquam cumque quia sunt repellendus itaque explicabo. Nihil placeat occaecati necessitatibus deleniti aspernatur impedit sed sint. Incidunt ut dolorem adipisci commodi in aut.','ut','69323153',NULL,'2018-01-21 20:43:00','1975-08-06 23:15:14'),
('10','10','10','Et facilis ad est voluptatem error. Dolores non blanditiis quam animi nihil quo tenetur. Nemo dolores sed facere est accusantium. Sed vitae sit quo sit rerum ex corporis laudantium.','aliquid','416573796',NULL,'1990-02-24 13:21:01','1988-11-04 13:19:29'),
('11','11','11','Asperiores sunt fugit hic nihil totam. Ut quis ipsa alias.','dolores','31223',NULL,'1980-02-12 10:44:13','1972-12-02 17:56:59'),
('12','12','12','Velit praesentium consequatur enim dignissimos perferendis laudantium. Quia rerum magnam quia eveniet itaque. Aspernatur sed et eius eos.','consequatur','71587',NULL,'2002-11-25 04:59:15','2007-06-08 07:52:12'),
('13','13','13','Minus totam ducimus rerum molestiae sit. Nihil quas qui esse laborum rerum quaerat quis nobis. Nobis ex quidem deserunt libero quidem cum sequi laborum. Soluta adipisci est sunt nostrum rerum sed voluptatem. Quaerat quia modi rerum sint ex modi modi.','provident','94659656',NULL,'1997-08-29 07:19:16','2008-10-26 13:37:46'),
('14','14','14','Aut facere et maiores. Repudiandae aut mollitia tenetur nam. Magnam nobis rerum saepe enim expedita quibusdam.','praesentium','28118231',NULL,'1995-05-26 16:28:01','1995-06-03 10:20:39'),
('15','15','15','Nihil eos numquam non non facilis omnis. Dolores molestiae ut dolores aut voluptatibus blanditiis iure maxime. Non odit ullam voluptas.','praesentium','323',NULL,'2007-05-18 18:33:33','2001-06-21 22:24:48'),
('16','16','16','Rerum in doloremque accusamus. Et sed occaecati sunt ea eos ipsum.','et','7130',NULL,'2006-11-06 16:40:54','2002-01-22 16:51:49'),
('17','17','17','Itaque quibusdam et nam est non blanditiis quia. Nihil aut reprehenderit qui voluptatem. Consequatur sunt nam dolorem illo voluptas voluptatem repellendus et.','rerum','0',NULL,'2011-07-07 11:00:04','2016-08-05 07:55:31'),
('18','18','18','Laboriosam laboriosam omnis praesentium debitis. Non impedit molestiae nulla quae. Sit necessitatibus saepe ut repellendus quam debitis. Ut aperiam provident pariatur nobis quod dolore recusandae.','aperiam','7',NULL,'1972-11-15 06:22:01','1996-02-13 19:11:51'),
('19','19','19','Eaque veritatis voluptatem minima odit quibusdam. Odio rerum officiis unde quis doloremque rem expedita. Facere voluptas aut earum dolor. Non quaerat aperiam excepturi rerum est tempora.','quia','1204',NULL,'2001-11-24 13:05:24','1979-11-16 23:44:45'),
('20','20','20','Illum maiores aut optio consequatur. Autem accusantium accusamus voluptas ut explicabo. Cum blanditiis dolores esse sunt accusamus omnis et. Provident aliquam fuga debitis dolores et eos.','aut','8086',NULL,'1983-08-30 14:46:25','2005-08-04 23:27:27'),
('21','21','21','Aut voluptatibus et sed. Autem est aut voluptatibus. Est sapiente quos nostrum omnis quo.','earum','7864611',NULL,'2013-04-01 00:13:48','2008-02-10 09:08:12'),
('22','22','22','Est voluptatem sunt quibusdam earum nesciunt est. Eum omnis consequuntur magni adipisci. Recusandae maxime ab quo dolorem qui id dignissimos.','sit','977',NULL,'2002-10-03 08:31:56','1975-08-21 03:29:52'),
('23','23','23','Error at ipsum molestiae eum. Aut eos reprehenderit provident incidunt. Eveniet laudantium aliquid delectus quidem. Sed id similique cumque ut explicabo inventore ut. Corporis recusandae est minus dignissimos quo corrupti hic.','illum','0',NULL,'1975-05-23 09:00:20','1998-08-02 22:05:30'),
('24','24','24','Voluptatem neque optio est omnis sit voluptatem. Fugiat non dolores et eos sint. Qui qui non quia omnis amet in vitae quas. Omnis atque totam placeat aliquid explicabo.','esse','0',NULL,'2002-07-11 03:46:03','2008-09-18 05:02:41'),
('25','25','25','Nostrum magnam facilis inventore voluptatem. Numquam vitae nihil in quia rerum. Itaque ipsum consequatur qui fuga quam.','dolorem','40',NULL,'1983-02-26 20:23:22','1991-12-17 20:03:34'),
('26','26','26','Alias a dolores suscipit et ut alias. Eaque modi et dicta et quia aut.','est','89551',NULL,'1983-11-07 11:38:45','2000-07-23 22:25:36'),
('27','27','27','Quas incidunt sit aspernatur et placeat tempore. Blanditiis error sed quisquam sed at omnis delectus. Sapiente exercitationem distinctio iure culpa dolorum delectus.','ut','7632',NULL,'1972-07-24 23:37:29','2012-08-09 20:41:03'),
('28','28','28','Sed accusamus consectetur tenetur corrupti. Qui illo adipisci deleniti quos consectetur suscipit nulla. Vitae quo magni facilis. Totam aut vel voluptatem soluta qui dolor soluta.','necessitatibus','94',NULL,'1985-03-13 23:00:02','2018-05-28 17:03:01'),
('29','29','29','Ea non est possimus voluptatem. Non nisi est beatae molestiae molestiae iure ut perferendis. Quos sint ut voluptates fuga incidunt odio nostrum ut.','amet','63881',NULL,'1995-05-05 18:34:51','1981-10-09 15:45:55'),
('30','30','30','A vel molestias provident repellendus. Laboriosam eius culpa esse. Sunt explicabo saepe et molestiae delectus occaecati aut.','hic','8919153',NULL,'2011-12-29 14:20:58','1988-09-17 10:04:29'),
('31','31','31','Placeat et et cupiditate consequatur aut necessitatibus est. Vel temporibus molestias sapiente laborum rerum debitis voluptas. Harum consectetur illo molestiae. Omnis excepturi dolores ut non quos eaque.','laboriosam','3309',NULL,'1970-12-23 11:08:18','1974-01-07 01:20:57'),
('32','32','32','Non eaque mollitia harum minima illum. Doloremque placeat maxime beatae quo. Facilis eveniet voluptatem numquam id quidem qui. Non minima unde mollitia tempora.','eum','19662494',NULL,'2001-12-30 03:44:55','1989-10-26 04:08:52'),
('33','33','33','Repudiandae est dolores et est ratione quia earum. Eius quia occaecati laudantium voluptatem repellendus ut occaecati. Dolorem quis qui voluptas maxime ullam necessitatibus dolore. Laboriosam praesentium ipsum alias sit. Autem neque velit natus autem molestiae sed.','aut','31038773',NULL,'1981-05-22 13:00:07','1975-02-14 20:50:26'),
('34','34','34','Delectus voluptas voluptatum sit laudantium sed aspernatur. Possimus modi numquam quam. Commodi rem soluta a architecto et aut.','recusandae','826844',NULL,'2014-09-20 15:15:53','1995-05-27 23:03:31'),
('35','35','35','Velit expedita laudantium unde consequuntur optio molestiae atque. Ducimus blanditiis perspiciatis id voluptas.','mollitia','0',NULL,'2001-04-28 06:24:43','1974-10-30 07:30:21'),
('36','36','36','Dolores voluptatem dolor qui veniam optio. Exercitationem nemo dolorem ut deleniti architecto atque consectetur delectus. Et tenetur itaque est qui praesentium voluptatum et. Culpa quod est a optio blanditiis consequatur sunt.','illum','4221527',NULL,'2019-07-23 04:59:36','1978-01-26 10:46:30'),
('37','37','37','Illo vero autem doloribus ut molestias dolorum. Vel et autem officiis eum. Enim id qui facere.','rerum','0',NULL,'2019-10-18 02:26:43','2011-04-17 20:05:59'),
('38','38','38','Tenetur voluptates quo et. Quas esse sunt maiores iusto unde qui voluptate. Quaerat illo voluptatem neque. Eligendi impedit qui praesentium voluptatum officia. Saepe et magnam in harum iste unde optio.','veniam','65',NULL,'2018-12-07 07:57:29','2012-01-20 12:39:21'),
('39','39','39','Rerum ut quis alias sunt recusandae blanditiis neque qui. Illo ut velit dolores.','culpa','97',NULL,'2015-12-05 16:03:22','2012-08-30 04:18:02'),
('40','40','40','Consequuntur in magnam qui sit atque dignissimos. Tempora aperiam illo accusamus hic et quia. Unde sed blanditiis rerum doloribus voluptas. Iure nihil magnam beatae architecto ad minus architecto.','non','0',NULL,'1979-04-04 15:34:28','1993-01-15 23:36:17'),
('41','41','41','Dignissimos cupiditate officiis quas quaerat et quibusdam. Aut eum adipisci eius rerum esse possimus delectus. Dolore quas repellat libero dolorem suscipit ut.','accusantium','131149',NULL,'1982-06-22 05:36:12','1996-11-26 03:57:49'),
('42','42','42','Dolorem omnis amet ea. Et quo tenetur qui temporibus ex. Ea qui voluptatem aut asperiores doloribus et quis fugiat. Illo autem possimus enim modi occaecati et qui.','dolore','4841951',NULL,'1976-05-26 08:29:07','1970-01-14 03:28:28'),
('43','43','43','Nostrum incidunt labore id sunt eum quam repudiandae. Et enim aut inventore. Excepturi et qui sed. Exercitationem impedit illum dolorem fuga cupiditate dolorum culpa.','rem','421',NULL,'1987-12-29 07:21:07','1995-02-16 08:33:33'),
('44','44','44','Sunt soluta et nobis est autem. Tempora sint non officia reiciendis minima. Quae fugiat enim ipsa amet.','et','1553',NULL,'2016-08-22 03:28:31','2016-05-01 20:02:43'),
('45','45','45','Dolores enim impedit laboriosam repudiandae est. Sunt nihil enim qui eos sint nihil porro est. Ad aperiam accusamus sit quod rem. Eligendi porro unde dolores. Delectus ducimus vel sed harum ducimus eos.','quo','85',NULL,'1994-04-14 11:25:38','2003-06-05 08:05:37'),
('46','46','46','Officia tempore aut est provident qui eos. Impedit ea omnis in voluptatibus explicabo. Cumque ut laboriosam sint vero est natus.','ullam','207969328',NULL,'2010-10-16 16:19:59','1988-05-01 06:00:17'),
('47','47','47','Ullam nobis distinctio similique qui quia voluptas sed est. Qui atque consequatur non aut harum aspernatur atque. Non in sunt deleniti ea. Repudiandae voluptate sint rerum enim.','deleniti','3861983',NULL,'2009-03-09 05:08:42','1991-09-10 07:33:13'),
('48','48','48','Voluptas repellat iusto sunt voluptatem blanditiis dicta animi. Laudantium officiis est aliquid amet unde rerum voluptatem. Ut et eveniet sit est numquam distinctio. Veritatis laborum odit quia.','ab','4',NULL,'2002-08-09 16:19:34','1989-07-06 07:49:26'),
('49','49','49','Asperiores rerum nihil voluptate excepturi dignissimos quam nihil. Aliquid quas omnis accusantium dolore. Soluta repudiandae nisi voluptatem dolor.','deserunt','0',NULL,'2019-03-10 19:13:52','1999-08-31 21:59:24'),
('50','50','50','Eveniet aliquid alias modi. Assumenda veniam eaque quia quis harum quis nihil. Non asperiores autem eveniet ipsam unde nam aspernatur. Nesciunt cumque libero cumque architecto eligendi omnis sunt.','nostrum','760575830',NULL,'1976-03-31 01:52:14','2019-03-09 23:48:52'),
('51','51','51','Sit dolores et eum sint eaque sit aperiam. Laboriosam et quisquam perspiciatis eius.','ullam','319241',NULL,'1978-12-03 18:48:55','1972-02-14 22:39:07'),
('52','52','52','Numquam inventore blanditiis vel excepturi id adipisci sit. Asperiores eaque autem sit odit dolor dolorem aut. Totam rem quibusdam voluptas in in omnis.','aut','126',NULL,'1990-07-06 20:53:34','1995-06-14 04:32:17'),
('53','53','53','Iure molestiae eos non cumque doloremque. Delectus repudiandae consequatur omnis sint. Voluptatum doloremque ut suscipit totam praesentium repudiandae.','provident','1362',NULL,'1993-07-15 07:46:05','1978-12-27 20:28:09'),
('54','54','54','Aliquam non tenetur asperiores eos rerum. Ut distinctio enim et praesentium nihil voluptate inventore. Quia et veniam non eligendi et.','amet','420797',NULL,'1977-11-29 18:37:50','2003-07-13 07:53:40'),
('55','55','55','Velit quidem et eveniet ipsa molestiae ut fuga. Blanditiis facilis et id. Blanditiis nobis et iure mollitia eos qui. Velit nam quibusdam deleniti molestiae.','unde','31266781',NULL,'1972-07-14 05:01:52','1998-04-19 21:37:31'),
('56','56','56','Rerum cum illo recusandae sint consectetur modi. Repellendus fuga ex repudiandae ipsam commodi. Sint quis veniam sequi assumenda maiores.','minima','0',NULL,'2018-04-24 06:14:50','2010-07-28 19:47:44'),
('57','57','57','Perferendis praesentium tempora quam quisquam qui aliquam veritatis veniam. Labore labore et dolorum natus perspiciatis itaque eos. Vel voluptates quia earum error distinctio qui.','aut','96770',NULL,'1974-09-04 12:27:11','2012-08-17 23:14:19'),
('58','58','58','Quo possimus autem aut quia expedita nostrum in. Fugiat porro dolore earum molestiae. Nemo consectetur ut aliquam voluptate. Itaque beatae fugiat voluptatem dicta sequi quisquam magni assumenda.','quaerat','593',NULL,'2009-03-29 17:30:19','2018-09-07 05:37:31'),
('59','59','59','Minus a et pariatur aut doloremque nesciunt minus. Sed doloremque autem voluptate.','nostrum','213',NULL,'2008-11-16 12:39:59','2015-05-23 02:12:54'),
('60','60','60','Veniam sapiente distinctio architecto iusto ipsam velit inventore. Id nihil magni consequuntur voluptate. Magni vel illum culpa sed. Corrupti facere ab sed.','ipsam','3354013',NULL,'2014-03-08 23:08:43','2013-10-10 02:59:24'),
('61','61','61','Facilis consectetur debitis et commodi esse sequi laudantium. Itaque sapiente aut et ut quis sequi omnis. Magni consequatur repellendus aut qui molestias ut aperiam. Vel temporibus aut hic. Dolores dolores quod omnis iusto.','ipsam','68773050',NULL,'2014-05-29 20:19:29','2017-09-07 13:13:42'),
('62','62','62','Animi natus recusandae officia et harum provident aut. Ex facilis facilis fuga tempore. Sit suscipit est consequatur hic.','nesciunt','5657',NULL,'2005-08-13 14:32:27','1976-12-01 23:45:27'),
('63','63','63','Tempora quo minima quia maxime doloremque sint quasi. Cum ut enim ipsum sit asperiores placeat voluptas nihil. Dignissimos sit veritatis quidem dolorem. Suscipit velit veniam velit eveniet quia dolorem. Necessitatibus qui doloribus rerum et nisi.','incidunt','9',NULL,'1986-10-24 22:59:49','1982-07-07 23:07:59'),
('64','64','64','Nesciunt commodi eius molestias sed laboriosam sunt. Alias tempora aut qui molestiae consequatur. Et unde molestias eligendi. Voluptatum aliquam molestiae velit dolorem recusandae aut numquam.','deserunt','578',NULL,'2011-08-14 19:41:01','1977-11-30 20:06:54'),
('65','65','65','Amet amet eius ad beatae. Quasi quos ut qui sit et dignissimos enim laboriosam. Molestiae qui ut sequi et praesentium. Eveniet qui fugit nobis et est.','autem','236397',NULL,'1992-05-25 08:09:59','1986-11-18 11:50:22'),
('66','66','66','Mollitia voluptas voluptatem omnis id et officiis. Vero rerum corrupti quam numquam quia amet sunt. Unde qui sint adipisci praesentium molestias quos voluptatum. Et perspiciatis voluptates aliquam sint perferendis in est. Accusamus est omnis in molestiae.','ea','510710335',NULL,'2007-02-10 23:11:43','1974-03-30 03:11:33'),
('67','67','67','Aliquam molestias qui dolorem veritatis. Minima quos mollitia dignissimos dolorem. Omnis voluptatibus dolor ipsa tempora itaque odit. Quasi autem quis cupiditate aspernatur sequi non ea. Deleniti sit est beatae repudiandae.','totam','534',NULL,'2002-02-14 19:05:58','1993-12-10 23:22:57'),
('68','68','68','Eaque corrupti voluptate omnis rerum tempore eum et consequatur. Totam explicabo et et molestiae sequi dicta. Nemo facere consequuntur iure nostrum. Cupiditate in et dolore sed quos dolorem aliquam. Atque ullam sapiente omnis sequi pariatur odio.','vero','776521',NULL,'2019-10-19 23:34:32','1978-08-01 13:06:18'),
('69','69','69','A dolorem suscipit quia quisquam. Sunt molestias nostrum minus quae expedita aperiam. Rerum aut id cum voluptatibus necessitatibus officiis. Qui cupiditate autem sed assumenda voluptates.','dicta','0',NULL,'1999-06-29 21:48:27','1975-09-26 06:29:22'),
('70','70','70','Et in magnam quia. Esse facere dolor adipisci sunt voluptas quasi libero fugit. Beatae iste sint nostrum ducimus ut dignissimos similique. Itaque corporis molestiae ab neque saepe. Est esse inventore voluptas voluptas est.','architecto','1095847',NULL,'2013-04-20 17:18:46','1979-03-13 07:57:21'),
('71','71','71','Veniam occaecati repudiandae eum suscipit atque non nesciunt. Vel neque velit vitae quasi. Et placeat aut quas et facilis velit.','quis','179666589',NULL,'1990-09-22 03:46:37','1974-05-25 19:27:06'),
('72','72','72','Accusantium cupiditate aut et eum. Dolores voluptatem sit vel doloremque eveniet molestias architecto sequi. Recusandae magnam sit cupiditate. Et quas nostrum quos maiores aliquid. Quibusdam ipsam ipsam quia expedita sed.','rerum','8017751',NULL,'2001-07-08 18:46:43','1981-04-24 11:02:32'),
('73','73','73','Aut rerum sit enim officiis in consequatur aliquid et. Est commodi inventore qui omnis suscipit aperiam.','dolorum','6791',NULL,'2014-07-18 21:11:09','1976-08-30 09:33:53'),
('74','74','74','Ut eius illo vero quod hic. Ut omnis maxime ut corporis aut et. Rerum porro minus inventore nam qui ut. Rerum dolorem similique et sed.','numquam','5251210',NULL,'1998-10-11 14:29:16','1971-08-02 05:46:26'),
('75','75','75','Ex voluptatem provident sit aliquam. Quasi voluptates saepe ab. Quibusdam error amet fugiat qui. Voluptatem et non ea ex et.','nobis','16',NULL,'1997-08-21 07:33:12','1971-12-25 17:42:33'),
('76','76','76','Possimus sunt aut itaque enim suscipit. Minima necessitatibus omnis sed veniam quasi. Totam dolorem enim enim dicta quis hic porro. Maiores quasi unde qui soluta aut.','necessitatibus','150',NULL,'1982-12-29 21:17:18','1986-03-31 19:31:18'),
('77','77','77','Et et sequi deleniti et error esse. Debitis molestiae amet odit officia quia. Ea animi voluptatem aut adipisci fugiat reiciendis aspernatur. Assumenda laudantium perspiciatis est praesentium dolor.','officia','0',NULL,'1985-10-11 00:04:56','1977-01-01 12:38:45'),
('78','78','78','Sunt in magni sunt voluptates dolorem. Quod quia corporis culpa. Atque ipsa praesentium et beatae et molestias dolorem. Illum in voluptas dolorem libero repellat sed quis eligendi.','illum','81642474',NULL,'1986-06-29 16:25:44','1989-10-05 22:50:11'),
('79','79','79','Aut quia reiciendis aut. Non autem reiciendis ea illo ea et omnis perspiciatis.','hic','912495816',NULL,'1983-03-29 03:38:57','1983-01-11 00:57:40'),
('80','80','80','At iusto reiciendis a culpa voluptate qui blanditiis. Reprehenderit sit voluptatem eligendi ea iure. Earum ullam enim suscipit aut sit dolores sit. Aut esse voluptates earum aut aut magni.','neque','206',NULL,'1985-09-10 20:08:07','2010-05-01 15:32:53'),
('81','81','81','Sapiente tenetur incidunt ad molestias a. Sed dolores id impedit velit asperiores. Earum et et autem aut est dolores.','et','9200185',NULL,'1999-07-01 03:37:21','1999-08-23 20:49:11'),
('82','82','82','Perferendis voluptate nemo doloribus aut dolore fugit quo. Tempora cum id voluptatibus et mollitia. Itaque aut repellat et culpa qui unde dolorem. Dolorem sapiente consequuntur rerum quia dolor magnam.','omnis','297421131',NULL,'1975-01-26 13:33:14','2017-12-30 15:39:25'),
('83','83','83','Qui praesentium voluptas dolores sunt et. Id provident excepturi quos doloribus. Voluptatem qui non fuga perferendis laudantium eos rem. Qui qui doloribus est voluptatem.','iusto','925',NULL,'1974-05-24 01:43:25','2011-04-15 22:25:20'),
('84','84','84','Porro quas rerum molestias pariatur laborum voluptatibus. Dolorem reprehenderit esse voluptas. Adipisci sint sed sed adipisci sunt veniam soluta. Voluptatum voluptatem facere nam reiciendis ex nam. Soluta dolores autem sit repellat et.','et','76298',NULL,'1982-02-08 18:49:54','1992-11-10 21:05:52'),
('85','85','85','Illo sint odio modi pariatur ut perferendis dicta. Laudantium doloremque delectus eligendi mollitia. Tempora perferendis deleniti in ea accusantium voluptates repellendus. Tenetur aut blanditiis error aliquam omnis.','impedit','28240',NULL,'2002-11-21 01:39:28','1981-08-01 13:42:59'),
('86','86','86','Necessitatibus quos molestiae sapiente sequi. Iusto ratione nostrum natus est ducimus. Est molestias dignissimos id voluptatem debitis excepturi sunt.','facere','65718234',NULL,'2017-09-17 16:48:25','1996-08-28 11:25:46'),
('87','87','87','Quam omnis voluptas consequatur ducimus. Doloribus doloremque beatae deserunt et. Vitae molestiae rem et sapiente occaecati suscipit harum.','tempora','602',NULL,'1979-11-02 10:54:30','1995-12-05 22:26:43'),
('88','88','88','A minima fuga libero. Eveniet magni sapiente est consectetur repudiandae laudantium. Porro dolores est quia sunt. Temporibus placeat laudantium fugiat dolor blanditiis sunt.','quas','871',NULL,'2011-04-19 05:05:53','1991-06-19 21:38:38'),
('89','89','89','Nam dolores molestiae modi dolorem ut. Quia voluptatem nisi consequatur voluptas id sequi. Fugit aut consequatur natus quae soluta sit autem dolorem. Dolor officia dolor tempora unde dignissimos qui.','nihil','0',NULL,'1993-05-05 20:46:28','1996-07-30 11:45:33'),
('90','90','90','Omnis ducimus non officia corrupti. Magnam itaque autem et est. Voluptatem ut qui omnis sunt est.','ex','185',NULL,'1993-12-20 13:04:49','1991-04-17 19:02:36'),
('91','91','91','Dolor iste sit facilis et consequuntur inventore quos id. Magnam voluptates dicta nemo autem est. Quam enim asperiores ullam quasi est nisi. Assumenda eum rem veniam voluptatem architecto. Impedit odio dolorum illum non itaque esse.','ut','8806594',NULL,'2008-06-14 12:01:33','2012-03-29 19:45:12'),
('92','92','92','Laudantium voluptas eum repellat omnis voluptates facilis. Omnis consequuntur sunt ut dignissimos reprehenderit. Suscipit aut magnam laudantium et cum ea. Mollitia deserunt sunt ipsam totam et magnam nisi.','est','44',NULL,'2017-09-02 07:39:43','2011-02-23 03:03:15'),
('93','93','93','Autem aut est et perferendis voluptatem culpa. Qui omnis voluptatem quo nobis at aut. Vitae qui eius nulla voluptates soluta. Et rem est provident repudiandae dignissimos esse. Magni architecto vero nihil aspernatur.','ut','706',NULL,'1996-04-02 09:42:41','1988-11-27 01:55:35'),
('94','94','94','Eaque vel omnis quos. Facere et maiores similique sint dolores quisquam tempore molestias. Et architecto blanditiis necessitatibus ipsam placeat. Possimus enim et hic sequi officia.','autem','35509202',NULL,'1995-02-21 21:58:06','2010-06-27 02:31:05'),
('95','95','95','Vel magni aut commodi rerum aliquid nemo dolor. Molestias eaque cum illo saepe odio molestiae. Sunt consequuntur ut esse. Omnis rerum ad rerum.','voluptatem','6761048',NULL,'1975-10-27 08:44:11','1980-05-18 09:28:54'),
('96','96','96','Enim alias veniam autem quis impedit. Et consequuntur consequuntur vitae eligendi maiores est. Ut eveniet expedita et ea sit possimus odit. Ut rerum neque numquam dolore.','quos','8615',NULL,'1985-04-19 22:53:03','1981-10-20 16:51:24'),
('97','97','97','Omnis quia aliquid natus consectetur dolorem. Voluptatibus nemo quia cum quia qui temporibus. Blanditiis pariatur culpa voluptas explicabo ut odio quae.','est','35761',NULL,'1978-06-04 00:26:19','1982-01-12 04:50:49'),
('98','98','98','Vitae sed qui sunt eligendi similique maiores sit. Et dolor non molestiae pariatur in ullam. Non qui aut qui corporis et incidunt.','corporis','689',NULL,'1977-10-30 12:39:18','1979-06-05 18:32:05'),
('99','99','99','Accusantium quis autem modi. Ea dolor ut ad quo.','atque','1494594',NULL,'1995-02-27 06:18:54','1978-08-05 09:34:26'),
('100','100','100','Rerum veniam ut eum facilis. Dolor et quasi porro consequatur ducimus. Libero rerum nobis et.','earum','391',NULL,'1978-04-21 17:00:26','2016-08-16 23:14:48'); 


DROP TABLE IF EXISTS `media_types`;
CREATE TABLE `media_types` (
  `id` bigint(20) unsigned NOT NULL AUTO_INCREMENT,
  `name` varchar(255) COLLATE utf8_unicode_ci DEFAULT NULL,
  `created_at` datetime DEFAULT current_timestamp(),
  `updated_at` datetime DEFAULT current_timestamp() ON UPDATE current_timestamp(),
  PRIMARY KEY (`id`)
) ENGINE=InnoDB AUTO_INCREMENT=101 DEFAULT CHARSET=utf8 COLLATE=utf8_unicode_ci;

INSERT INTO `media_types` VALUES ('1','reprehenderit','1999-12-04 08:16:21','1981-05-17 20:22:37'),
('2','voluptas','2002-04-14 23:30:37','1976-03-17 05:01:21'),
('3','deleniti','1978-07-15 22:48:59','1982-11-07 04:04:06'),
('4','eveniet','1986-12-31 18:10:34','1982-06-29 21:18:31'),
('5','rem','1980-12-09 08:27:44','1996-04-03 17:58:57'),
('6','expedita','2016-07-31 17:21:52','1983-07-28 02:57:32'),
('7','qui','2000-09-25 19:35:51','2001-12-16 18:19:00'),
('8','ut','1997-04-09 20:02:26','1986-08-22 02:59:37'),
('9','saepe','2000-12-27 22:13:24','1981-03-12 12:49:11'),
('10','voluptatem','1989-09-12 22:46:40','2003-06-11 17:39:31'),
('11','reprehenderit','1989-09-09 17:52:55','2011-06-02 18:51:01'),
('12','aut','1984-03-25 05:43:18','2010-01-29 15:10:50'),
('13','repudiandae','1983-12-07 09:24:09','1970-10-27 22:50:36'),
('14','et','1975-01-15 07:08:47','2014-12-04 11:11:02'),
('15','possimus','2005-04-18 19:38:56','1990-09-09 12:34:01'),
('16','aut','1999-05-12 19:28:40','2003-07-15 15:56:39'),
('17','soluta','2013-04-27 09:42:21','1986-02-01 21:28:40'),
('18','autem','1989-07-13 06:29:04','1996-06-10 03:10:33'),
('19','doloribus','2017-06-11 21:38:25','2017-07-29 13:35:58'),
('20','neque','2007-07-07 09:31:32','1986-08-23 04:33:41'),
('21','ut','2018-09-05 03:43:31','2015-10-25 22:27:19'),
('22','est','2019-12-23 04:09:19','1995-10-26 22:48:53'),
('23','culpa','2016-08-31 14:33:54','2012-03-23 07:13:03'),
('24','ut','1994-12-13 00:01:56','2016-12-10 05:27:27'),
('25','quaerat','2009-02-24 22:56:08','2011-02-02 21:07:44'),
('26','cumque','2017-09-24 01:24:26','2007-08-30 20:57:25'),
('27','iste','2003-09-07 10:55:45','1972-10-05 07:47:34'),
('28','officiis','1990-07-06 17:36:55','1990-09-16 05:59:42'),
('29','ullam','1986-11-10 21:45:56','1970-06-17 09:01:30'),
('30','placeat','1983-05-27 11:01:21','1998-06-27 05:38:13'),
('31','maxime','2019-04-16 03:07:53','2008-06-01 04:38:43'),
('32','vel','2017-10-09 19:35:23','1976-05-14 19:49:17'),
('33','quasi','2018-02-12 01:56:26','1981-12-30 05:10:43'),
('34','eum','2011-06-21 05:13:18','2000-12-09 10:57:18'),
('35','accusantium','2018-04-15 10:52:11','2016-06-06 20:35:01'),
('36','mollitia','1990-06-08 00:41:11','1997-03-17 23:01:29'),
('37','velit','1996-12-10 04:04:48','1973-05-27 08:48:16'),
('38','debitis','1989-04-13 11:21:45','2019-08-14 23:08:43'),
('39','eaque','2006-01-04 23:13:44','1975-09-08 01:16:00'),
('40','non','1993-10-29 01:27:19','2001-02-04 15:28:20'),
('41','dolor','2002-10-13 19:06:59','2008-01-18 12:25:14'),
('42','voluptatibus','2012-07-06 06:15:32','2009-06-06 18:07:06'),
('43','impedit','2014-02-06 14:41:53','1977-06-22 07:54:28'),
('44','libero','1998-04-17 21:25:34','1995-06-19 01:51:49'),
('45','itaque','2009-10-27 15:30:52','2018-09-17 02:38:24'),
('46','et','1987-06-09 18:04:57','2019-04-29 11:51:39'),
('47','fugiat','1980-10-01 20:48:08','1996-12-06 05:28:27'),
('48','et','2009-12-31 19:13:34','1975-11-05 16:52:15'),
('49','officiis','1985-02-27 02:09:34','1971-08-28 17:38:05'),
('50','architecto','2001-09-14 20:08:53','2012-04-27 08:58:04'),
('51','aut','1993-11-15 04:02:30','1991-11-20 03:04:36'),
('52','qui','2001-07-21 13:08:35','1980-01-20 00:00:46'),
('53','molestias','1971-04-17 19:35:01','1998-08-18 14:57:11'),
('54','est','2016-04-17 23:28:39','1978-08-28 14:58:16'),
('55','perspiciatis','2004-10-23 10:32:11','2014-08-05 07:20:55'),
('56','aut','2000-10-20 21:52:32','1990-01-01 07:23:15'),
('57','aliquam','2012-05-04 20:22:56','1998-12-23 20:13:25'),
('58','corrupti','1978-04-09 15:43:28','1986-01-02 07:17:42'),
('59','aperiam','1984-04-18 21:37:32','1975-11-15 18:33:42'),
('60','illo','1987-03-07 22:36:37','2007-06-06 21:48:47'),
('61','est','2019-05-18 17:09:27','1988-02-25 06:31:56'),
('62','ipsa','2017-07-26 01:26:57','1994-11-18 16:10:04'),
('63','ut','1973-03-07 22:25:13','1978-06-17 20:25:39'),
('64','numquam','1981-12-15 01:15:43','2011-06-10 13:12:55'),
('65','placeat','1978-01-04 06:58:04','1974-04-22 03:47:58'),
('66','harum','2018-01-17 21:19:48','2007-04-14 16:26:14'),
('67','et','1996-05-12 13:06:01','1987-08-16 18:48:22'),
('68','provident','1980-04-30 03:53:26','2006-05-31 07:29:48'),
('69','sed','2007-05-09 13:25:49','2019-08-07 10:01:31'),
('70','et','1989-04-07 11:23:17','1998-09-11 23:13:50'),
('71','aliquam','1985-05-11 07:47:20','2005-04-17 05:16:01'),
('72','doloribus','2000-04-26 02:38:31','2003-05-26 14:10:28'),
('73','quia','1993-09-19 05:50:59','1984-05-30 04:04:51'),
('74','nulla','1989-01-21 14:22:00','1999-03-24 09:20:47'),
('75','ut','1999-03-03 08:08:24','2008-11-11 13:04:27'),
('76','commodi','1976-12-05 10:15:13','2018-12-03 07:42:36'),
('77','magnam','1972-09-08 20:58:34','1986-10-29 07:26:01'),
('78','dolor','2001-01-12 03:50:45','1993-09-28 12:24:11'),
('79','error','2010-10-24 11:33:20','1988-03-04 16:39:56'),
('80','facilis','1973-02-18 20:15:56','2011-05-12 13:52:26'),
('81','vitae','1981-12-15 20:09:00','1986-01-25 05:30:09'),
('82','explicabo','2012-11-17 10:20:40','2011-09-05 15:02:15'),
('83','ipsum','1984-09-14 19:40:20','2009-12-09 06:36:11'),
('84','in','1989-11-18 03:00:31','1996-09-12 17:00:46'),
('85','officiis','2008-07-01 04:21:04','2004-08-17 09:40:53'),
('86','iste','1996-07-29 04:12:01','1989-12-16 12:22:18'),
('87','pariatur','1994-11-06 23:02:07','1984-04-05 23:53:47'),
('88','nemo','1994-09-16 16:49:45','2015-08-14 09:45:30'),
('89','voluptatem','2019-08-08 19:53:22','1976-12-14 09:42:47'),
('90','tempore','2013-04-22 17:52:40','1990-06-03 20:11:34'),
('91','voluptatum','1977-01-26 09:19:29','2005-05-01 18:20:42'),
('92','molestias','2008-11-26 06:16:51','1981-01-03 23:03:47'),
('93','ut','2010-06-03 22:36:05','1986-02-22 14:58:03'),
('94','animi','1987-02-04 19:13:40','1975-04-27 19:28:17'),
('95','dolorem','2010-06-20 05:57:53','1976-11-02 21:58:00'),
('96','quia','2019-02-09 03:15:10','2013-10-27 08:49:19'),
('97','reiciendis','1976-05-14 00:35:21','2011-01-10 04:25:48'),
('98','laboriosam','2000-05-19 14:11:48','1982-04-01 01:38:49'),
('99','eveniet','1991-09-21 02:54:35','1992-03-17 18:26:39'),
('100','quibusdam','1995-01-26 21:14:00','2007-03-03 11:04:32'); 


DROP TABLE IF EXISTS `messages`;
CREATE TABLE `messages` (
  `id` bigint(20) unsigned NOT NULL AUTO_INCREMENT,
  `from_user_id` bigint(20) unsigned NOT NULL,
  `to_user_id` bigint(20) unsigned NOT NULL,
  `body` text COLLATE utf8_unicode_ci DEFAULT NULL,
  `created_at` datetime DEFAULT current_timestamp(),
  PRIMARY KEY (`id`),
  KEY `messages_from_user_id` (`from_user_id`),
  KEY `messages_to_user_id` (`to_user_id`),
  CONSTRAINT `messages_ibfk_1` FOREIGN KEY (`from_user_id`) REFERENCES `users` (`id`),
  CONSTRAINT `messages_ibfk_2` FOREIGN KEY (`to_user_id`) REFERENCES `users` (`id`)
) ENGINE=InnoDB AUTO_INCREMENT=101 DEFAULT CHARSET=utf8 COLLATE=utf8_unicode_ci;

INSERT INTO `messages` VALUES ('1','1','1','Facilis ab ut sunt nobis ducimus. Veritatis blanditiis enim a ipsa. Ut neque perferendis sint animi voluptatem temporibus quod. Iure rem quam est inventore ab omnis ex. Et cupiditate aut quis quidem est soluta aperiam.','1974-08-22 23:45:51'),
('2','2','2','Dicta quia molestias fuga. Qui vel quo sit aut. Nostrum saepe id neque possimus.','2008-10-31 23:48:16'),
('3','3','3','Aut voluptatem velit voluptatem et. Quia fugiat qui voluptatem placeat unde qui quasi. Earum soluta provident reiciendis est nostrum dolor sed.','1991-06-23 00:33:41'),
('4','4','4','Dicta unde laboriosam sed minus qui. Voluptate fugit repellat amet placeat ab perferendis. Labore blanditiis non est quisquam dicta.','1976-05-29 00:27:06'),
('5','5','5','Soluta minima temporibus soluta architecto ea. Ad et beatae non non. Delectus laborum qui rerum recusandae mollitia autem. Libero error occaecati unde est laudantium maxime.','2015-01-28 01:16:33'),
('6','6','6','Voluptas dolore tenetur dolorum odio et quibusdam. Quidem minus reiciendis ut quia omnis aliquid. Magnam iste omnis numquam et explicabo doloremque recusandae.','1978-08-15 22:59:16'),
('7','7','7','Est voluptatem porro eius ratione dolorem vitae. Aut laboriosam quia debitis error odit rerum et. Quia ut exercitationem ab. Omnis quas officia voluptas dolores nesciunt praesentium dolor.','1977-12-29 17:44:51'),
('8','8','8','Maxime nulla natus similique aspernatur dolorem corrupti consequatur. Odio similique possimus blanditiis pariatur qui. Quibusdam reiciendis aut qui eos quis ratione. Provident laudantium ut impedit ut non.','1994-05-29 10:06:46'),
('9','9','9','Quis id optio et ut cumque est est. Et possimus et minima illo deleniti vitae. Consequatur error quas inventore consequuntur ratione iusto autem. Maxime enim corrupti quae nihil repudiandae.','2014-03-11 19:26:41'),
('10','10','10','Fuga id nemo in velit maiores assumenda voluptate. Neque cumque dolores qui voluptatibus. Placeat quia nihil voluptatum qui. Totam temporibus qui omnis et.','2005-06-25 00:03:10'),
('11','11','11','Aut sint molestiae qui. Qui odio harum sequi sed odit.','1988-02-22 13:04:27'),
('12','12','12','Qui consequatur totam incidunt repudiandae. Fuga omnis libero eum. Consequuntur dolor mollitia quis recusandae enim. In veniam a debitis. Perferendis error et ut voluptatum adipisci aut totam.','2015-06-26 05:46:13'),
('13','13','13','Porro dolor reiciendis saepe culpa velit quis. Minus eveniet quasi sit illo distinctio dolor. Facere soluta qui officia odit inventore voluptatem qui. Esse tenetur modi minus eius non culpa. Vel modi blanditiis maxime et sed mollitia.','1989-11-20 01:18:23'),
('14','14','14','Doloribus alias harum dolores accusamus repellat. Est sint maiores fuga saepe laudantium qui debitis. Facilis vel expedita possimus. Et id accusamus nostrum eum.','2002-01-28 19:36:53'),
('15','15','15','Ratione minima fugiat deserunt molestiae aut maiores. Repudiandae omnis pariatur sit rerum provident. In eum dolor quo error eum molestiae. Vel qui non voluptatem corrupti perferendis.','2008-12-25 23:31:13'),
('16','16','16','Quia dolor voluptatem et impedit. Ut ullam et perferendis. Architecto expedita aspernatur corporis voluptatem voluptatem ea aspernatur.','1991-11-06 23:33:45'),
('17','17','17','Quo possimus quia dolor ea ex sint. Sunt non odit et voluptas dolores. Eos facilis maiores nesciunt et soluta nihil delectus. Perspiciatis incidunt ut sed natus.','1990-09-29 19:24:53'),
('18','18','18','Molestias consequatur hic quis odio cumque ipsa praesentium. Velit et aut perferendis voluptatem voluptate et. Temporibus aspernatur suscipit quidem eligendi pariatur nulla fuga. Possimus et beatae et voluptate voluptatem labore.','1985-10-22 10:42:49'),
('19','19','19','Sunt consequuntur suscipit natus. Sunt ut ut et. Error eius qui ut aperiam.','1974-10-15 00:29:08'),
('20','20','20','Aut ut in molestias sapiente ut. Quisquam tempore amet cupiditate quod. Eius assumenda eveniet fugiat id molestias. Cupiditate perspiciatis sapiente pariatur quo accusantium.','1977-03-03 21:14:46'),
('21','21','21','Rerum et et voluptas dolor saepe quibusdam. Enim possimus fugiat quibusdam dolorum voluptatem in aspernatur est. Quis incidunt debitis esse. Odit magni aspernatur et suscipit aut sequi.','2006-08-29 02:38:33'),
('22','22','22','Sed harum enim omnis inventore. Facilis in sint voluptate quas a veniam eaque. Neque magni labore sunt consequatur est ex itaque. Eligendi repellendus blanditiis magnam et nobis.','2012-06-15 09:04:44'),
('23','23','23','Ut officiis ut cupiditate a tempore. Aut aut explicabo omnis. Magnam sit qui tempore rerum placeat.','1971-05-15 07:20:42'),
('24','24','24','Voluptas aliquam pariatur ex et ipsa debitis. Consectetur maiores beatae quia commodi in aut. Dolorem repudiandae vel ut natus sit ut eos voluptate. Reiciendis ex voluptas quae repellat molestias eum.','2018-12-09 03:48:37'),
('25','25','25','Repellat qui sapiente nihil omnis dignissimos. Accusamus aut vel dicta in ut adipisci. Officia ut rem autem ut nemo. Provident molestias sit deserunt suscipit ipsam minus dolore dicta. Est dicta illum aperiam atque.','1977-02-05 06:44:00'),
('26','26','26','Dignissimos ab repellat quas accusamus aspernatur et aut. Veniam cumque sunt esse totam. Qui consequatur excepturi dolorem. Architecto ab maxime itaque et.','2016-05-23 18:09:01'),
('27','27','27','Ducimus perferendis illum quia consequatur vel fugiat facilis. Velit quo aspernatur optio ut dolores quae.','2003-06-16 14:34:42'),
('28','28','28','At aut occaecati dolores itaque quo. Libero qui amet non ad dolorem. Sit vel suscipit voluptas mollitia hic ea non eum. Ipsa qui quia exercitationem veniam quia.','2016-08-01 21:13:09'),
('29','29','29','Aliquam atque aut odit error non. Cumque nihil voluptatibus accusantium assumenda dicta nam reprehenderit quae. Iure porro consectetur enim repellat. Eveniet et qui qui voluptatum est in quia.','1975-10-07 17:25:19'),
('30','30','30','Voluptatem sed in dolores id quam. Vel non neque necessitatibus cumque incidunt repellat delectus. Quos incidunt esse ipsum sed qui et velit. Sequi corporis odio in ullam amet ut.','2000-07-06 01:42:03'),
('31','31','31','Occaecati et quia ullam voluptatum est eligendi. Voluptatem dolores placeat ea et laudantium eveniet enim. Id placeat consequatur dolores sed nemo. Aspernatur consequatur repellendus eum veritatis totam et maxime.','1984-04-26 22:57:22'),
('32','32','32','Tempora cupiditate neque accusamus voluptatem ipsum aliquid accusamus est. Exercitationem accusamus culpa ut iusto cupiditate ratione qui. Id ad adipisci sit quidem animi. Necessitatibus est accusamus ad debitis qui. Iusto omnis distinctio voluptates culpa est.','1976-08-13 19:13:11'),
('33','33','33','Quasi aperiam pariatur iste eum deleniti magni. Praesentium nihil iste aut aperiam maxime aliquid. Mollitia occaecati nulla nemo corporis nam. Sit rerum dolores dolorum at nihil assumenda ab nisi.','2002-06-18 04:20:49'),
('34','34','34','Corporis tempora reprehenderit ea. Aspernatur accusamus neque ducimus omnis quis numquam. Ab enim eos dolor nostrum. Rerum inventore nisi atque.','2013-12-03 16:04:21'),
('35','35','35','Soluta harum dolor quibusdam. Optio explicabo eligendi ea omnis eveniet. Consequatur eaque natus cum et amet sit et ut.','1995-02-16 03:27:23'),
('36','36','36','Consectetur architecto maxime qui error iure ut. Optio temporibus animi dignissimos. Id ducimus est facere laborum nulla.','2014-05-10 21:01:19'),
('37','37','37','Accusamus at sapiente fugiat sunt itaque voluptate earum. Tempore nesciunt eos temporibus molestias ipsa praesentium et molestiae. Ullam eius necessitatibus itaque est aut ut est. Consequatur pariatur et non dolor.','2015-12-23 13:40:31'),
('38','38','38','Quis similique nam voluptatem iste qui laboriosam perferendis. Molestias eum error ea sunt. Sed error odio reprehenderit excepturi voluptas atque explicabo.','2008-06-22 15:17:14'),
('39','39','39','Quas aut non iusto nobis. Mollitia consequatur sunt asperiores qui totam quis. Et culpa incidunt asperiores perferendis temporibus. Aspernatur possimus tempora autem repellat nobis.','2013-01-22 17:08:30'),
('40','40','40','Ipsum asperiores libero provident et non assumenda recusandae dolorum. Beatae repellendus vel aut voluptas. Est at aut aut voluptatem reprehenderit aperiam iure.','1988-12-07 03:15:01'),
('41','41','41','Non impedit doloremque facere molestiae. Saepe in et natus harum. Eligendi sit veritatis iure nam a officia.','1993-08-07 02:24:59'),
('42','42','42','Iusto tenetur dignissimos molestiae. Omnis deleniti sit placeat omnis animi non. Pariatur consequuntur fugiat voluptatibus.','2017-12-26 06:53:59'),
('43','43','43','Alias ea sint et adipisci assumenda. Laborum delectus quia qui veritatis. Et sunt id laudantium laboriosam nulla soluta. Sunt placeat facilis id vitae dicta omnis.','1986-06-27 20:50:00'),
('44','44','44','Architecto consequatur ut qui ad id quibusdam. Culpa et ut sit impedit veritatis vel sit incidunt. A nihil rerum alias praesentium possimus expedita. Qui expedita tempore blanditiis inventore.','1997-04-08 05:36:34'),
('45','45','45','Aut et quibusdam exercitationem aut. Minus ex voluptate deleniti reprehenderit laudantium magnam reprehenderit. Error iste iusto animi et deleniti laborum consectetur.','1982-05-03 08:34:45'),
('46','46','46','Ea hic et non deserunt. Corrupti sed saepe in non cum sit cumque. Consectetur voluptatem et adipisci eligendi.','2001-02-19 13:03:52'),
('47','47','47','Voluptatem dolore saepe aut magni consequatur unde reiciendis. Dolor deleniti ut dolorem excepturi et. Vel sed illo praesentium explicabo animi tenetur nesciunt sed.','1998-12-09 07:49:42'),
('48','48','48','Quisquam cum eum asperiores perferendis. Explicabo maxime error nam ea blanditiis quia. Error quaerat nulla nam asperiores illo dolorem ratione. Eligendi et autem velit rem. Architecto aut culpa ducimus quam distinctio dolorum.','1988-04-30 09:36:49'),
('49','49','49','Velit voluptatem aliquid eveniet voluptatem nisi neque. Pariatur fuga qui fuga quia nisi provident. Nam voluptatibus veniam voluptas minima aut minus recusandae. Omnis perspiciatis accusantium nam minima voluptatem officiis dolorum.','1980-06-29 21:33:17'),
('50','50','50','Rerum sed aspernatur velit cum nemo et. Laborum fugit dolores at nisi aut atque. Error ut dolor et qui est. Quasi esse blanditiis excepturi temporibus voluptatum commodi.','1986-11-25 21:17:29'),
('51','51','51','Harum est distinctio repellendus cupiditate. Quis vel aut delectus velit. Distinctio nihil reiciendis numquam rerum odio.','1982-10-29 18:31:28'),
('52','52','52','Est velit rem consequatur ut eveniet. Dicta quo natus deserunt adipisci rem qui dolorem. Numquam eius sequi fuga neque. Omnis dolor et ratione quasi libero recusandae.','1978-06-29 05:35:20'),
('53','53','53','Aut expedita nisi fugit non et aut optio. Expedita rerum corrupti sint dignissimos minus. Itaque voluptatum maiores esse deleniti et architecto sunt. Aperiam voluptatem omnis quis quia dolores.','1970-08-07 17:24:54'),
('54','54','54','Voluptatem fugiat fugiat blanditiis assumenda non aut. Earum dolores eligendi excepturi incidunt blanditiis ut explicabo. Architecto officia eius fuga.','2010-11-23 20:54:59'),
('55','55','55','Quia quis accusantium voluptatem hic. Perferendis ex ea ipsa dolorem sed quos. Ut tempore corrupti et non eligendi.','1976-01-28 17:36:00'),
('56','56','56','Blanditiis animi sunt saepe sed quod aperiam. Voluptate amet quaerat sequi. Qui quaerat iste atque.','1994-11-29 15:15:28'),
('57','57','57','Iste tempore accusamus corrupti omnis. Illo saepe eum similique occaecati. Molestiae est et neque quia eos excepturi commodi voluptatem. Qui saepe vel ea voluptas dignissimos provident mollitia a.','1986-09-08 16:01:02'),
('58','58','58','Libero minus voluptate quasi nihil quo excepturi voluptate. Illum et vel corporis harum a cum voluptatem culpa. Quis consequatur vel qui numquam aliquam molestias. Velit suscipit dicta suscipit quo temporibus et.','1971-02-07 11:28:37'),
('59','59','59','Et maiores officiis consequatur mollitia eligendi officiis sit molestias. Et maxime et ullam eius molestias sunt. Explicabo sed natus dignissimos vel necessitatibus quia quia. Aliquid minima laborum maiores labore debitis aut.','1997-05-14 21:56:22'),
('60','60','60','Fugit expedita error sit quos accusantium sapiente hic eligendi. Ipsum doloremque eligendi impedit eos dolorum quam earum. Voluptatem neque dolore autem magnam sit perspiciatis.','1979-01-28 01:15:59'),
('61','61','61','Qui sint accusantium est incidunt quidem et et. Corrupti quasi aut nam et quos. Provident velit ut quia doloremque nostrum.','1998-08-12 22:16:17'),
('62','62','62','Et quae sint sed omnis velit est dolores. Rem est molestias exercitationem amet molestiae placeat ea.','1984-11-15 01:47:05'),
('63','63','63','Explicabo modi officia veritatis quae quia. Natus repellendus et repellat quis voluptatibus quo. Doloremque autem sit vel quo sed veritatis laborum.','1986-04-14 21:59:28'),
('64','64','64','Occaecati quis voluptate veritatis voluptates et ut. Natus voluptas voluptas et et nihil cupiditate. Est fuga sit ipsam et quis sint. Accusantium minus dolor ad aliquid maiores minus.','2018-10-29 18:32:01'),
('65','65','65','Dolor magni consequatur et velit accusamus in repellat. Molestiae nesciunt cupiditate ab molestiae. Esse aut corrupti numquam aut reprehenderit. Ullam ut soluta deleniti fugit deleniti harum nesciunt vel. Voluptas harum autem omnis nisi sint harum eum.','1996-03-12 10:33:36'),
('66','66','66','Praesentium et rerum accusamus qui id minima. Ratione id totam similique quia labore enim unde. Sit ipsum sunt ad voluptas atque. Quis corporis pariatur sed.','1997-03-17 05:58:30'),
('67','67','67','Suscipit incidunt ipsum consequuntur doloribus ut ipsum repudiandae quos. Et ut commodi pariatur laudantium temporibus. Est odit aperiam odio est.','2015-02-23 23:16:31'),
('68','68','68','Non aut iusto et quos vero temporibus. Labore sequi voluptate veniam ratione. Et soluta doloribus beatae quia incidunt quidem laudantium quo. Et quas cumque nemo rerum.','1991-11-10 09:57:42'),
('69','69','69','In iure ut dolore omnis voluptates. Expedita qui perspiciatis qui hic repellat vero veritatis. Fugiat aut recusandae id vitae cupiditate et.','1992-06-18 12:30:52'),
('70','70','70','Qui fugit repellat numquam suscipit sit. Est et nobis dolorum nam ratione sint. In sequi aliquid totam voluptatem. Ullam vitae sapiente aut quo voluptatibus.','1987-06-06 07:33:27'),
('71','71','71','Consequuntur sint et quidem qui doloribus. Quasi modi vel soluta aspernatur doloribus sit reiciendis. Magni et perferendis nesciunt ut est.','2018-03-28 08:47:14'),
('72','72','72','Architecto tenetur praesentium explicabo facere. Sunt nulla quia pariatur deleniti voluptatum vel ut. Vero maiores et quibusdam fuga iure doloribus rerum. Nihil et illo minima ex maxime.','2009-01-28 02:13:12'),
('73','73','73','Velit ut numquam nemo. Rem et sunt est itaque officiis nemo. Molestiae autem quam ut explicabo.','1976-12-30 07:24:47'),
('74','74','74','Sequi et eos architecto velit aspernatur nostrum quae. Consequatur eaque amet sint quos aut blanditiis rem nulla. Atque quam est nihil ipsa mollitia. Nihil minima debitis laboriosam qui nobis expedita. Consequuntur et aut mollitia eos.','1977-10-08 09:11:14'),
('75','75','75','Debitis quos odio perferendis sed doloremque molestiae ducimus. Et illum voluptas eligendi inventore. Odio explicabo debitis corporis maxime ullam.','1998-01-05 11:18:36'),
('76','76','76','Facere dolore possimus dignissimos quisquam. Consectetur tempore repellendus eveniet dolor et consequatur. Tenetur expedita sed non cumque. Repellendus minus ex error quia molestias quae aut debitis.','2007-11-22 16:44:27'),
('77','77','77','Voluptatem dolore et repellendus odit dolor et nemo. Excepturi a ea culpa et voluptas est eligendi. Ut et rerum dolorum excepturi.','2003-11-02 12:17:43'),
('78','78','78','Quis dicta magni omnis ut id nam laboriosam. Voluptatum odio debitis optio enim ex.','1974-07-02 20:27:13'),
('79','79','79','Occaecati doloremque possimus sed autem. Ducimus accusantium cumque at quas. Exercitationem quasi veniam qui porro nesciunt nostrum unde. Molestias autem velit porro quam in quis beatae sit.','2014-10-30 07:58:46'),
('80','80','80','Corporis ut voluptatem itaque consequuntur nam totam et. Repudiandae iste debitis molestias non deleniti porro. Sunt et exercitationem ratione. Laudantium explicabo sed adipisci quia impedit exercitationem.','2009-06-10 07:18:34'),
('81','81','81','Aut officia rem et aspernatur repudiandae. Est libero voluptas est veniam. Minima maiores iusto quae deserunt fuga. Voluptas nostrum laboriosam officiis a.','1972-11-06 01:35:09'),
('82','82','82','Temporibus eveniet ut natus autem. Cum eius illum excepturi et perferendis magni et. Voluptatem perferendis sed quo eveniet atque consequatur. Et velit voluptas rem qui nisi.','2006-04-01 13:13:34'),
('83','83','83','Quia ipsa atque placeat dolor provident. Tenetur aliquid doloremque excepturi sed illum et fuga.','1984-03-02 07:21:27'),
('84','84','84','Maiores placeat sit aut. Et rerum voluptatem corrupti provident provident fuga ratione. Et tenetur cum quidem aut laudantium aspernatur laborum. Quam ea odit cum voluptate doloremque quod.','1980-05-03 21:26:00'),
('85','85','85','Explicabo alias veniam consequatur id recusandae molestias dolor. Ea molestias est enim sapiente perferendis exercitationem. Voluptate nisi et necessitatibus dolores et. Autem sunt magnam rerum minus voluptas ut omnis omnis.','1985-10-26 20:07:25'),
('86','86','86','Sunt iste necessitatibus nulla temporibus autem. Dolorem quis sit ullam dolorum aut architecto doloribus qui. Ipsa eos sit rerum dolorum qui qui. Unde deleniti qui reiciendis dolor aspernatur at suscipit.','1981-03-09 18:10:20'),
('87','87','87','Omnis asperiores nihil minima odio sit saepe. Reprehenderit omnis ut quia qui quia ut non. Enim voluptate laboriosam saepe ut.','2005-10-22 18:29:06'),
('88','88','88','Non et et repellat quasi minima ipsam qui. Tempore dolor adipisci veniam assumenda maiores voluptas. Nihil alias neque sunt itaque. Ex debitis ducimus cum dolorum.','2016-03-23 08:13:38'),
('89','89','89','Fugit et reiciendis dolorum omnis porro laboriosam quis. Fuga culpa pariatur voluptas iusto aut sequi quia. Eos dolor occaecati necessitatibus accusamus nam numquam nam. Eum ipsa autem dolorum praesentium autem iure.','1973-04-25 23:45:20'),
('90','90','90','Facilis dolore recusandae delectus inventore id ullam vitae. Quasi et quam dolor qui at architecto enim. Quisquam sint sed corporis dolorem facilis.','2001-09-26 05:07:05'),
('91','91','91','Aut saepe sunt nobis illum nesciunt et. Unde error odit aut molestias illum. Officia ut rerum consectetur quia necessitatibus vitae nihil. Voluptatem aut et dolores id.','1988-10-12 08:13:15'),
('92','92','92','Sed neque atque reprehenderit consectetur. Quas adipisci esse quis optio voluptatem eos. Earum unde quibusdam et voluptatem repellat. Quisquam nam corporis enim fugiat sed consectetur reprehenderit.','2017-09-04 01:45:37'),
('93','93','93','Voluptatem sunt nostrum quaerat qui cumque eos. Quasi hic ratione cumque qui dicta aut. Ea ratione nihil totam qui et id.','1973-06-30 14:48:20'),
('94','94','94','Illum consectetur quaerat quaerat cum possimus illo. Et neque et maxime reiciendis in. Omnis provident totam suscipit earum maxime.','1989-11-09 21:09:58'),
('95','95','95','Beatae ut deserunt sunt deleniti cum in debitis. Officia quos et asperiores quibusdam ipsam hic sit. Nostrum id omnis distinctio.','1997-01-08 04:26:53'),
('96','96','96','Facilis distinctio et enim sit. Architecto modi vel ea modi. Fugit corrupti possimus non delectus omnis veniam consequatur qui.','1982-12-25 20:53:53'),
('97','97','97','Quisquam rem blanditiis magnam doloribus veritatis dolorum in nihil. Molestiae iusto est quaerat voluptatum. Consequuntur voluptas et repudiandae iure consectetur mollitia quia. Qui minima quis possimus.','2006-08-16 20:26:51'),
('98','98','98','Omnis sapiente in vel iusto iusto fuga soluta. Voluptas adipisci voluptas quia optio corrupti atque vitae exercitationem.','1974-10-03 16:55:55'),
('99','99','99','Numquam sint suscipit veritatis atque iusto. Placeat doloremque quidem sed voluptatem nulla quia. Natus alias amet ullam accusantium alias quam.','2007-10-26 10:43:48'),
('100','100','100','Exercitationem repellat quis iure doloribus aut illo. Et qui natus ut voluptatum dolor aut. Est enim possimus sunt et ipsam deleniti voluptas ipsa. Voluptatem dolor eum aspernatur illum. Nesciunt eveniet velit aliquid ipsa deserunt ducimus quia.','2000-06-29 20:20:25'); 


DROP TABLE IF EXISTS `photo_albums`;
CREATE TABLE `photo_albums` (
  `id` bigint(20) unsigned NOT NULL AUTO_INCREMENT,
  `name` varchar(255) COLLATE utf8_unicode_ci DEFAULT NULL,
  `user_id` bigint(20) unsigned DEFAULT NULL,
  PRIMARY KEY (`id`),
  UNIQUE KEY `id` (`id`),
  KEY `user_id` (`user_id`),
  CONSTRAINT `photo_albums_ibfk_1` FOREIGN KEY (`user_id`) REFERENCES `users` (`id`)
) ENGINE=InnoDB AUTO_INCREMENT=101 DEFAULT CHARSET=utf8 COLLATE=utf8_unicode_ci;

INSERT INTO `photo_albums` VALUES ('1','assumenda','1'),
('2','saepe','2'),
('3','ab','3'),
('4','ut','4'),
('5','odit','5'),
('6','et','6'),
('7','omnis','7'),
('8','similique','8'),
('9','rerum','9'),
('10','sint','10'),
('11','est','11'),
('12','fuga','12'),
('13','et','13'),
('14','tenetur','14'),
('15','et','15'),
('16','hic','16'),
('17','sequi','17'),
('18','facilis','18'),
('19','optio','19'),
('20','repellendus','20'),
('21','reiciendis','21'),
('22','sunt','22'),
('23','qui','23'),
('24','voluptates','24'),
('25','nostrum','25'),
('26','voluptas','26'),
('27','aut','27'),
('28','iusto','28'),
('29','ut','29'),
('30','saepe','30'),
('31','illum','31'),
('32','accusantium','32'),
('33','id','33'),
('34','odio','34'),
('35','et','35'),
('36','ullam','36'),
('37','a','37'),
('38','voluptatem','38'),
('39','facere','39'),
('40','enim','40'),
('41','pariatur','41'),
('42','illo','42'),
('43','error','43'),
('44','ea','44'),
('45','non','45'),
('46','et','46'),
('47','enim','47'),
('48','aut','48'),
('49','molestiae','49'),
('50','voluptatum','50'),
('51','expedita','51'),
('52','molestias','52'),
('53','accusantium','53'),
('54','dolores','54'),
('55','sit','55'),
('56','sed','56'),
('57','est','57'),
('58','et','58'),
('59','animi','59'),
('60','aperiam','60'),
('61','aut','61'),
('62','facere','62'),
('63','ducimus','63'),
('64','provident','64'),
('65','et','65'),
('66','autem','66'),
('67','dolorum','67'),
('68','accusamus','68'),
('69','temporibus','69'),
('70','autem','70'),
('71','quae','71'),
('72','commodi','72'),
('73','voluptas','73'),
('74','nostrum','74'),
('75','consequatur','75'),
('76','et','76'),
('77','occaecati','77'),
('78','molestias','78'),
('79','fugit','79'),
('80','quo','80'),
('81','esse','81'),
('82','aut','82'),
('83','quia','83'),
('84','quaerat','84'),
('85','est','85'),
('86','iste','86'),
('87','rerum','87'),
('88','dolore','88'),
('89','temporibus','89'),
('90','culpa','90'),
('91','tempora','91'),
('92','deserunt','92'),
('93','ipsam','93'),
('94','quo','94'),
('95','inventore','95'),
('96','et','96'),
('97','reiciendis','97'),
('98','amet','98'),
('99','minima','99'),
('100','dignissimos','100'); 


DROP TABLE IF EXISTS `photos`;
CREATE TABLE `photos` (
  `id` bigint(20) unsigned NOT NULL AUTO_INCREMENT,
  `album_id` bigint(20) unsigned NOT NULL,
  `media_id` bigint(20) unsigned NOT NULL,
  PRIMARY KEY (`id`),
  KEY `album_id` (`album_id`),
  KEY `media_id` (`media_id`),
  CONSTRAINT `photos_ibfk_1` FOREIGN KEY (`album_id`) REFERENCES `photo_albums` (`id`),
  CONSTRAINT `photos_ibfk_2` FOREIGN KEY (`media_id`) REFERENCES `media` (`id`)
) ENGINE=InnoDB AUTO_INCREMENT=101 DEFAULT CHARSET=utf8 COLLATE=utf8_unicode_ci;

INSERT INTO `photos` VALUES ('1','1','1'),
('2','2','2'),
('3','3','3'),
('4','4','4'),
('5','5','5'),
('6','6','6'),
('7','7','7'),
('8','8','8'),
('9','9','9'),
('10','10','10'),
('11','11','11'),
('12','12','12'),
('13','13','13'),
('14','14','14'),
('15','15','15'),
('16','16','16'),
('17','17','17'),
('18','18','18'),
('19','19','19'),
('20','20','20'),
('21','21','21'),
('22','22','22'),
('23','23','23'),
('24','24','24'),
('25','25','25'),
('26','26','26'),
('27','27','27'),
('28','28','28'),
('29','29','29'),
('30','30','30'),
('31','31','31'),
('32','32','32'),
('33','33','33'),
('34','34','34'),
('35','35','35'),
('36','36','36'),
('37','37','37'),
('38','38','38'),
('39','39','39'),
('40','40','40'),
('41','41','41'),
('42','42','42'),
('43','43','43'),
('44','44','44'),
('45','45','45'),
('46','46','46'),
('47','47','47'),
('48','48','48'),
('49','49','49'),
('50','50','50'),
('51','51','51'),
('52','52','52'),
('53','53','53'),
('54','54','54'),
('55','55','55'),
('56','56','56'),
('57','57','57'),
('58','58','58'),
('59','59','59'),
('60','60','60'),
('61','61','61'),
('62','62','62'),
('63','63','63'),
('64','64','64'),
('65','65','65'),
('66','66','66'),
('67','67','67'),
('68','68','68'),
('69','69','69'),
('70','70','70'),
('71','71','71'),
('72','72','72'),
('73','73','73'),
('74','74','74'),
('75','75','75'),
('76','76','76'),
('77','77','77'),
('78','78','78'),
('79','79','79'),
('80','80','80'),
('81','81','81'),
('82','82','82'),
('83','83','83'),
('84','84','84'),
('85','85','85'),
('86','86','86'),
('87','87','87'),
('88','88','88'),
('89','89','89'),
('90','90','90'),
('91','91','91'),
('92','92','92'),
('93','93','93'),
('94','94','94'),
('95','95','95'),
('96','96','96'),
('97','97','97'),
('98','98','98'),
('99','99','99'),
('100','100','100'); 


DROP TABLE IF EXISTS `profiles`;
CREATE TABLE `profiles` (
  `user_id` bigint(20) unsigned NOT NULL AUTO_INCREMENT,
  `gender` char(1) COLLATE utf8_unicode_ci DEFAULT NULL,
  `birthday` date DEFAULT NULL,
  `photo_id` bigint(20) unsigned DEFAULT NULL,
  `created_at` datetime DEFAULT current_timestamp(),
  `hometown` varchar(100) COLLATE utf8_unicode_ci DEFAULT NULL,
  PRIMARY KEY (`user_id`),
  CONSTRAINT `profiles_ibfk_1` FOREIGN KEY (`user_id`) REFERENCES `users` (`id`) ON UPDATE CASCADE
) ENGINE=InnoDB AUTO_INCREMENT=101 DEFAULT CHARSET=utf8 COLLATE=utf8_unicode_ci;

INSERT INTO `profiles` VALUES ('1',NULL,'1985-04-19','1','1985-07-24 20:41:30','b'),
('2',NULL,'1988-11-13','2','1970-11-24 13:54:55','b'),
('3',NULL,'1992-02-19','3','1979-01-31 19:08:41','c'),
('4',NULL,'1998-12-02','4','1984-04-19 01:53:52','a'),
('5',NULL,'2012-06-14','5','1986-06-12 17:07:01','b'),
('6',NULL,'2016-03-06','6','2000-01-07 12:46:26','a'),
('7',NULL,'1973-07-08','7','1998-12-15 00:05:35','c'),
('8',NULL,'2007-04-20','8','1972-10-24 00:29:07','a'),
('9',NULL,'2015-12-23','9','1986-10-03 14:56:51','b'),
('10',NULL,'1970-01-23','10','2013-01-03 14:50:42','c'),
('11',NULL,'1979-08-08','11','2004-11-16 12:42:14','c'),
('12',NULL,'1970-01-17','12','1975-05-02 01:06:13','b'),
('13',NULL,'1977-04-27','13','2006-05-28 04:09:23','c'),
('14',NULL,'1992-02-19','14','1991-04-01 11:17:30','b'),
('15',NULL,'1993-07-25','15','1996-11-15 15:37:34','a'),
('16',NULL,'2015-09-15','16','2000-09-10 12:37:02','a'),
('17',NULL,'2010-11-26','17','2011-02-20 20:01:09','c'),
('18',NULL,'2018-03-21','18','1971-12-01 17:13:49','c'),
('19',NULL,'1975-12-30','19','2014-04-11 14:39:46','a'),
('20',NULL,'2017-01-06','20','2010-03-15 05:57:24','a'),
('21',NULL,'1995-05-05','21','2004-07-24 13:01:06','a'),
('22',NULL,'1994-01-11','22','1972-02-25 04:02:28','b'),
('23',NULL,'1995-10-27','23','2019-09-30 19:00:50','b'),
('24',NULL,'2010-07-23','24','2013-06-20 15:20:05','b'),
('25',NULL,'1978-06-05','25','2019-11-16 10:47:23','b'),
('26',NULL,'1989-06-01','26','2005-08-02 20:27:59','c'),
('27',NULL,'1994-04-03','27','1973-06-26 14:46:09','a'),
('28',NULL,'1999-11-22','28','2011-04-13 18:46:43','a'),
('29',NULL,'1986-06-02','29','1988-04-21 04:09:58','c'),
('30',NULL,'2008-09-28','30','1971-11-26 01:24:25','a'),
('31',NULL,'1974-10-11','31','1979-08-26 07:56:46','a'),
('32',NULL,'2014-01-08','32','2015-08-28 21:09:41','c'),
('33',NULL,'1977-04-25','33','2007-03-03 18:46:04','a'),
('34',NULL,'1987-01-16','34','1993-03-13 08:57:50','c'),
('35',NULL,'2006-12-04','35','2006-11-28 18:32:37','a'),
('36',NULL,'1996-05-09','36','2003-08-10 07:38:08','b'),
('37',NULL,'1980-08-15','37','1970-01-17 02:27:35','b'),
('38',NULL,'2014-07-16','38','2010-02-26 01:03:03','b'),
('39',NULL,'2006-03-19','39','1999-04-07 20:48:30','a'),
('40',NULL,'1976-12-12','40','1970-08-20 10:00:08','b'),
('41',NULL,'1996-01-07','41','2014-07-01 09:15:29','b'),
('42',NULL,'2019-07-17','42','2010-05-12 22:44:27','b'),
('43',NULL,'1971-03-18','43','1985-02-15 02:48:48','c'),
('44',NULL,'1995-09-28','44','2017-04-02 11:06:20','b'),
('45',NULL,'2019-07-07','45','1996-11-10 05:01:03','c'),
('46',NULL,'1978-04-16','46','1985-11-02 11:24:16','c'),
('47',NULL,'2005-08-07','47','2005-05-21 19:06:16','a'),
('48',NULL,'2016-05-28','48','1972-01-26 16:00:26','b'),
('49',NULL,'2008-09-09','49','2016-08-27 06:56:43','a'),
('50',NULL,'2002-01-22','50','2000-09-22 06:23:47','c'),
('51',NULL,'1984-08-16','51','1998-10-07 08:15:46','a'),
('52',NULL,'2013-01-23','52','1974-02-28 18:16:59','b'),
('53',NULL,'2018-03-10','53','1999-05-18 17:59:01','b'),
('54',NULL,'2016-08-11','54','2016-05-12 06:29:10','b'),
('55',NULL,'2012-03-13','55','1991-03-19 01:05:38','c'),
('56',NULL,'2000-05-27','56','1985-08-11 14:25:00','b'),
('57',NULL,'1997-07-31','57','1997-07-24 05:28:38','b'),
('58',NULL,'2011-08-11','58','2008-12-06 22:03:56','c'),
('59',NULL,'2019-11-23','59','2000-02-09 03:14:26','c'),
('60',NULL,'2012-04-09','60','1975-04-11 08:04:09','b'),
('61',NULL,'2008-03-08','61','1999-02-11 03:10:49','b'),
('62',NULL,'1974-06-26','62','2017-01-29 11:21:59','c'),
('63',NULL,'1984-01-30','63','1974-12-04 17:45:39','c'),
('64',NULL,'1990-10-01','64','1998-03-06 18:16:09','c'),
('65',NULL,'2012-01-05','65','1991-05-21 07:39:23','c'),
('66',NULL,'2000-02-06','66','2017-02-14 02:05:44','c'),
('67',NULL,'2000-01-17','67','1999-02-20 06:37:01','b'),
('68',NULL,'1985-03-28','68','1983-12-10 05:39:07','b'),
('69',NULL,'1989-11-09','69','2000-04-16 02:12:03','c'),
('70',NULL,'1991-07-19','70','1978-01-03 05:04:11','b'),
('71',NULL,'2019-04-12','71','1986-09-11 16:14:00','b'),
('72',NULL,'2007-03-20','72','2009-10-11 17:53:32','b'),
('73',NULL,'2019-06-25','73','1987-12-11 21:51:10','b'),
('74',NULL,'1995-07-07','74','1984-05-02 22:51:04','b'),
('75',NULL,'1983-01-27','75','2016-05-28 23:02:48','a'),
('76',NULL,'2008-11-27','76','2004-11-24 06:25:35','b'),
('77',NULL,'2010-08-03','77','1989-11-09 15:24:58','b'),
('78',NULL,'1992-12-20','78','2000-06-16 03:00:24','a'),
('79',NULL,'1976-07-20','79','2003-11-19 12:46:37','a'),
('80',NULL,'1993-09-01','80','1997-01-07 14:31:09','a'),
('81',NULL,'1985-02-28','81','2006-10-18 08:44:33','b'),
('82',NULL,'1971-05-12','82','1985-03-04 21:04:14','c'),
('83',NULL,'2011-02-27','83','1977-04-17 06:45:22','b'),
('84',NULL,'2017-05-13','84','2003-02-06 13:08:24','c'),
('85',NULL,'2003-08-06','85','1989-05-12 12:29:45','b'),
('86',NULL,'2004-06-13','86','2004-02-22 20:54:34','a'),
('87',NULL,'1972-06-01','87','2019-04-29 21:34:19','b'),
('88',NULL,'1988-11-25','88','2013-09-30 09:07:32','b'),
('89',NULL,'1995-08-12','89','2009-03-25 18:33:39','b'),
('90',NULL,'1996-08-08','90','1976-12-01 04:48:02','c'),
('91',NULL,'2012-04-11','91','1986-10-05 22:08:43','b'),
('92',NULL,'1989-02-10','92','1985-04-21 16:12:17','a'),
('93',NULL,'2012-11-19','93','1990-02-19 05:36:12','b'),
('94',NULL,'1970-02-16','94','2000-01-04 16:30:34','a'),
('95',NULL,'1980-11-06','95','1975-09-22 08:45:15','a'),
('96',NULL,'2008-02-29','96','1998-12-30 23:01:14','c'),
('97',NULL,'1985-05-07','97','1972-07-19 04:51:29','c'),
('98',NULL,'1999-01-19','98','2002-10-28 18:33:18','a'),
('99',NULL,'2003-03-31','99','1978-07-09 09:22:40','c'),
('100',NULL,'1979-01-19','100','1970-02-01 22:21:10','b'); 


UPDATE `profiles` SET gender ='f' WHERE (user_id % 2) = 0;
UPDATE `profiles` SET gender ='m' WHERE (user_id % 3) = 0;
UPDATE `profiles` SET gender ='f' WHERE (user_id % 5) = 0;
UPDATE `profiles` SET gender ='m' WHERE gender IS NULL;


DROP TABLE IF EXISTS `users`;
CREATE TABLE `users` (
  `id` bigint(20) unsigned NOT NULL AUTO_INCREMENT,
  `firstname` varchar(50) COLLATE utf8_unicode_ci DEFAULT NULL,
  `lastname` varchar(50) COLLATE utf8_unicode_ci DEFAULT NULL COMMENT '',
  `email` varchar(120) COLLATE utf8_unicode_ci DEFAULT NULL,
  `phone` bigint(20) DEFAULT NULL,
  PRIMARY KEY (`id`),
  UNIQUE KEY `email` (`email`),
  KEY `users_phone_idx` (`phone`),
  KEY `users_firstname_lastname_idx` (`firstname`,`lastname`)
) ENGINE=InnoDB AUTO_INCREMENT=101 DEFAULT CHARSET=utf8 COLLATE=utf8_unicode_ci;

INSERT INTO `users` VALUES ('1','Sonia','Veum','xmarquardt@example.net','1'),
('2','Carolina','Gorczany','owehner@example.org','795924'),
('3','Demond','Hyatt','ksanford@example.net','806115'),
('4','Viviane','Lindgren','allene23@example.org','55'),
('5','Nedra','Jerde','rolando.koss@example.net','97'),
('6','Adaline','Dietrich','kmurphy@example.net','1'),
('7','Lavern','Cole','ocie64@example.net','3359191101'),
('8','Kadin','Lesch','cindy17@example.net','108687'),
('9','Kaya','Cremin','kaufderhar@example.com','875'),
('10','Alene','Maggio','paolo54@example.org','304879'),
('11','Kennith','Thiel','gleason.rosamond@example.com','0'),
('12','Manuel','Spinka','wunsch.adolphus@example.com','9595743188'),
('13','Garret','Goodwin','julius96@example.com','6485838227'),
('14','Laurel','Upton','donny.hamill@example.org','0'),
('15','Candice','Dare','feeney.al@example.net','1'),
('16','Brant','Rutherford','taltenwerth@example.org','1'),
('17','Brain','Zemlak','dstanton@example.com','834785'),
('18','Morton','Kautzer','unienow@example.com','1'),
('19','Katrina','Romaguera','wisozk.frieda@example.com','85'),
('20','Brant','Schmidt','cassin.immanuel@example.org','0'),
('21','Freda','Pfannerstill','beatty.nedra@example.org','594'),
('22','Ben','Willms','fdickens@example.org','46'),
('23','Werner','Hilpert','paolo.jakubowski@example.com','57'),
('24','Quinten','Kassulke','reilly.bernhard@example.net','1'),
('25','Terrill','Mitchell','ebert.doris@example.org','0'),
('26','Prudence','Murphy','darwin45@example.com','544939'),
('27','Sabrina','Doyle','kylie38@example.net','1'),
('28','Lila','Gulgowski','aufderhar.vicenta@example.org','1'),
('29','Ivy','Witting','aaron86@example.org','77'),
('30','Kay','Schimmel','durgan.sierra@example.net','66'),
('31','Brant','Denesik','pearlie.hermiston@example.com','43'),
('32','Jack','Harber','ahmad.hoppe@example.com','0'),
('33','Haylee','Padberg','emanuel.parisian@example.com','1'),
('34','Coleman','Stracke','melisa66@example.org','9761436153'),
('35','Hilda','Wolf','karley.botsford@example.org','931'),
('36','Floy','Johnson','yundt.cristal@example.org','1189706686'),
('37','Loma','Heaney','uyundt@example.org','1'),
('38','Marilou','Kreiger','vhayes@example.org','622'),
('39','Chloe','Stark','cummerata.isobel@example.com','198744'),
('40','Ruthie','Deckow','keeling.payton@example.com','1'),
('41','Jameson','Stracke','vconsidine@example.org','1'),
('42','Edwina','Mohr','delia.roob@example.com','1'),
('43','Stefanie','Willms','melyssa37@example.net','42'),
('44','Cathrine','Russel','daniel.maynard@example.net','0'),
('45','Corine','Konopelski','ubaumbach@example.com','885751'),
('46','Reagan','Schmidt','gerlach.lacey@example.org','370'),
('47','Karianne','Kunze','cora.murazik@example.com','0'),
('48','Elfrieda','Borer','ihaley@example.net','0'),
('49','Cordell','Wilkinson','kaelyn.smith@example.org','0'),
('50','Crystel','Douglas','tflatley@example.com','0'),
('51','Chaim','Gutmann','eldridge.kreiger@example.com','243606'),
('52','Alysson','Shields','west.regan@example.org','665721'),
('53','Mathew','Shanahan','cbahringer@example.net','1'),
('54','Noemie','Ondricka','lthompson@example.org','544212'),
('55','Adolfo','Nolan','lela.mills@example.org','1'),
('56','Edna','Wyman','buckridge.lura@example.org','1'),
('57','Annette','Schinner','nels.renner@example.com','518406'),
('58','Floyd','Denesik','fstoltenberg@example.org','200'),
('59','Lauretta','Morar','xdooley@example.org','30'),
('60','Roderick','Cartwright','shanny83@example.com','485240'),
('61','Ova','Schaden','kaitlyn98@example.net','1'),
('62','Adrien','Roberts','ulockman@example.com','364'),
('63','Theodore','Feeney','calista.hansen@example.org','1'),
('64','Rosamond','Terry','rosalinda55@example.org','27'),
('65','Ron','Hoppe','russell.ullrich@example.com','723197'),
('66','Rory','Rice','tkessler@example.net','1'),
('67','Ettie','Medhurst','hammes.elisa@example.com','0'),
('68','Rachel','Dibbert','fparisian@example.net','1'),
('69','Madisyn','Armstrong','wilfredo45@example.org','1'),
('70','Janet','Franecki','makayla63@example.com','1'),
('71','Sincere','Stamm','fgerlach@example.org','833'),
('72','Euna','Schulist','rohan.lyla@example.net','4155329064'),
('73','Rey','Padberg','destinee58@example.com','0'),
('74','Maxwell','Sporer','klocko.emmanuel@example.net','0'),
('75','Francesca','Lynch','parisian.angie@example.net','0'),
('76','Adaline','Osinski','homenick.marjolaine@example.org','0'),
('77','Nyasia','Tremblay','christiansen.lilyan@example.com','398'),
('78','Caleb','Schuster','doyle.joanny@example.org','0'),
('79','Jalyn','Pfeffer','melissa.kihn@example.net','449'),
('80','Roxane','Zulauf','schiller.emelia@example.com','0'),
('81','Robb','Legros','jake12@example.net','838'),
('82','Citlalli','Gutkowski','willard24@example.net','498'),
('83','Dessie','Mills','eileen26@example.com','777990'),
('84','Kris','Fay','gonzalo62@example.net','1'),
('85','Norval','Lakin','hcole@example.org','95'),
('86','Osbaldo','Stark','bsmith@example.org','0'),
('87','Aniyah','Konopelski','raleigh.jacobi@example.net','1'),
('88','Hannah','Gerhold','corkery.dorthy@example.net','446'),
('89','Raven','Auer','ubosco@example.com','1'),
('90','Annamarie','Pollich','dvon@example.net','1'),
('91','Dariana','Sawayn','fadel.rafaela@example.org','875'),
('92','Dax','Kautzer','francisco59@example.com','0'),
('93','Reta','Brekke','qlabadie@example.org','0'),
('94','Bridgette','Graham','edwardo.bayer@example.net','1'),
('95','Kacey','Windler','rossie.stehr@example.com','66'),
('96','Lavina','Hartmann','wgaylord@example.com','868445'),
('97','Beaulah','Franecki','tommie.herman@example.org','354'),
('98','Akeem','Harber','pwest@example.com','62'),
('99','Tyreek','Lynch','rodrigo52@example.com','0'),
('100','Olin','Bailey','casper.jack@example.com','6539379290'); 


DROP TABLE IF EXISTS `users_communities`;
CREATE TABLE `users_communities` (
  `user_id` bigint(20) unsigned NOT NULL,
  `community_id` bigint(20) unsigned NOT NULL,
  PRIMARY KEY (`user_id`,`community_id`),
  KEY `community_id` (`community_id`),
  CONSTRAINT `users_communities_ibfk_1` FOREIGN KEY (`user_id`) REFERENCES `users` (`id`),
  CONSTRAINT `users_communities_ibfk_2` FOREIGN KEY (`community_id`) REFERENCES `communities` (`id`)
) ENGINE=InnoDB DEFAULT CHARSET=utf8 COLLATE=utf8_unicode_ci;

INSERT INTO `users_communities` VALUES ('1','1'),
('2','2'),
('3','3'),
('4','4'),
('5','5'),
('6','6'),
('7','7'),
('8','8'),
('9','9'),
('10','10'),
('11','11'),
('12','12'),
('13','13'),
('14','14'),
('15','15'),
('16','16'),
('17','17'),
('18','18'),
('19','19'),
('20','20'),
('21','21'),
('22','22'),
('23','23'),
('24','24'),
('25','25'),
('26','26'),
('27','27'),
('28','28'),
('29','29'),
('30','30'),
('31','31'),
('32','32'),
('33','33'),
('34','34'),
('35','35'),
('36','36'),
('37','37'),
('38','38'),
('39','39'),
('40','40'),
('41','41'),
('42','42'),
('43','43'),
('44','44'),
('45','45'),
('46','46'),
('47','47'),
('48','48'),
('49','49'),
('50','50'),
('51','51'),
('52','52'),
('53','53'),
('54','54'),
('55','55'),
('56','56'),
('57','57'),
('58','58'),
('59','59'),
('60','60'),
('61','61'),
('62','62'),
('63','63'),
('64','64'),
('65','65'),
('66','66'),
('67','67'),
('68','68'),
('69','69'),
('70','70'),
('71','71'),
('72','72'),
('73','73'),
('74','74'),
('75','75'),
('76','76'),
('77','77'),
('78','78'),
('79','79'),
('80','80'),
('81','81'),
('82','82'),
('83','83'),
('84','84'),
('85','85'),
('86','86'),
('87','87'),
('88','88'),
('89','89'),
('90','90'),
('91','91'),
('92','92'),
('93','93'),
('94','94'),
('95','95'),
('96','96'),
('97','97'),
('98','98'),
('99','99'),
('100','100'); 




/*!40101 SET SQL_MODE=@OLD_SQL_MODE */;
/*!40014 SET FOREIGN_KEY_CHECKS=@OLD_FOREIGN_KEY_CHECKS */;
/*!40014 SET UNIQUE_CHECKS=@OLD_UNIQUE_CHECKS */;
/*!40101 SET CHARACTER_SET_CLIENT=@OLD_CHARACTER_SET_CLIENT */;
/*!40101 SET CHARACTER_SET_RESULTS=@OLD_CHARACTER_SET_RESULTS */;
/*!40101 SET COLLATION_CONNECTION=@OLD_COLLATION_CONNECTION */;
/*!40111 SET SQL_NOTES=@OLD_SQL_NOTES */;

